0.0,0,7,3,0
0.0,1,4,4,0
0.0023801652892561985,0,7,4,1
4.834594611E-11,0,11,1,1
0.0,1,6,4,0
0.0,0,7,3,0
5.289256198347107E-5,0,4,1,1
2.08591506496E-9,0,11,10,0
0.0,1,7,7,0
0.013487603305785124,0,10,4,1
7.794E-17,0,10,3,1
1.040715798101E-8,0,6,5,1
4.83459461E-12,0,1,11,1
3.896848137535817E-4,1,10,5,0
2.3017299414289586E-4,0,10,10,0
0.054441260744985676,0,1,4,1
0.11636363636363636,0,1,12,1
1.6131094870569E-6,0,1,6,0
0.0,1,4,4,0
0.0,1,12,1,0
0.0,1,10,3,0
5.80122E-15,0,3,7,1
0.0,1,6,1,0
0.0,1,5,2,0
0.014545454545454545,0,12,12,1
0.0,1,6,11,0
0.0,1,6,1,0
0.0,1,4,4,0
1.888395601393E-8,0,4,1,1
1.317382063546794E-5,0,6,7,1
4.02857728297247E-6,0,1,9,1
1.27033270413441E-6,0,10,10,1
0.11636363636363636,0,4,1,1
0.0,1,5,6,1
2.8614366652E-10,0,3,3,1
0.0,1,4,6,0
0.09456740442655935,0,1,3,1
2.068003005259204E-5,0,6,12,0
1.103217301E-11,0,6,5,0
0.026234710743801654,0,3,11,1
1.0,0,5,6,1
8.46E-18,0,3,4,1
1.9618332081142E-5,0,2,2,1
1.0106413496346E-7,0,3,10,1
1.041297301E-11,0,1,3,0
4.0E-20,0,2,3,1
1.0,0,5,6,1
2.776859504132232E-4,0,6,5,1
2.37794317E-12,1,7,1,0
0.0,1,4,4,0
1.6291490873674E-7,0,10,10,1
0.0,0,3,3,1
0.0,1,4,1,0
5.6230054244E-10,0,4,4,0
0.0,1,2,5,0
0.0,0,6,3,1
0.0,1,2,11,1
0.0,1,4,3,0
1.04006634E-12,1,3,3,0
2.0775840658E-10,0,10,11,1
0.0,0,2,4,1
0.025787965616045846,0,1,1,1
0.0,0,5,5,1
3.352266858132466E-5,0,1,4,1
1.5166340784795E-7,0,1,12,1
0.08022922636103152,0,4,10,1
0.0,0,6,1,0
0.0,1,1,12,0
0.02909090909090909,0,2,2,1
0.0,1,5,6,1
9.485150857536917E-5,0,9,10,1
0.0,0,6,6,1
4.453E-17,0,6,2,1
2.885048835462059E-5,0,6,2,1
2.0383562014764E-7,0,2,12,0
2.2808087223143E-7,1,10,2,0
4.59E-18,1,6,3,0
0.035398230088495575,0,3,2,1
0.11636363636363636,0,6,3,1
0.0,0,3,12,0
0.0,1,5,6,1
0.06181818181818182,0,10,1,1
0.0,0,6,1,0
0.0,0,3,6,1
2.739E-17,0,3,5,1
0.0,1,3,2,0
4.421887E-14,0,2,10,0
5.66518680418E-8,0,10,1,1
0.0,0,11,10,0
2.973171018060072E-5,0,10,3,0
0.0,1,4,10,0
0.0,0,2,11,1
0.0,1,2,2,0
0.0,1,10,11,0
0.0,1,3,11,0
1.0,0,1,4,1
1.0,0,3,3,1
0.0,1,7,10,0
2.371287714384229E-5,0,5,6,1
0.017699115044247787,0,3,5,1
2.4E-18,0,3,3,1
5.6875371E-13,0,3,2,1
2.1018121E-13,0,4,11,1
0.0,1,10,4,0
0.0,0,4,4,1
0.0,0,5,6,0
0.11636363636363636,0,5,6,1
0.22349570200573066,0,11,3,1
2.2965E-15,0,1,3,0
7.609534867837E-8,0,10,1,0
7.933884297520661E-4,0,4,1,1
0.034383954154727794,0,6,10,1
7.7686063E-13,0,1,2,1
0.01940819970122546,0,3,3,1
1.30928761696605E-6,0,2,2,1
2.980696E-14,0,11,2,0
0.0,1,10,6,0
0.0,1,5,1,0
0.0,1,1,1,0
1.0,0,11,7,1
0.0,1,10,12,0
1.0,0,7,11,1
0.0,0,10,2,1
0.22349570200573066,0,2,1,1
0.0,0,2,2,1
0.11636363636363636,0,10,3,1
0.0,1,3,1,0
0.0,1,2,11,0
2.0E-20,1,7,4,0
0.011461318051575931,0,3,7,1
0.0,1,4,6,0
0.0,1,11,5,0
6.403888309619789E-4,0,6,5,1
5.821621363132642E-5,0,2,3,1
0.0,1,4,6,0
0.0,0,6,11,1
0.0,1,10,11,0
4.105056608730635E-5,0,5,6,1
0.0,0,1,4,0
1.0,0,5,6,1
0.0,0,7,4,1
0.07964601769911504,0,6,3,1
2.7696468820436E-7,0,1,2,0
0.0,0,4,4,1
0.09454545454545454,0,3,5,1
0.025787965616045846,0,3,10,1
0.02005730659025788,0,10,5,0
0.0,1,5,5,0
6.1635E-16,0,3,1,1
5.66518680418E-8,0,10,1,1
4.61607813673929E-6,0,2,1,1
0.2052313883299799,0,10,10,1
2.09E-18,0,3,1,1
0.22349570200573066,0,2,7,1
1.0,0,1,4,1
2.68527197818E-9,0,3,11,1
0.0,1,6,6,0
7.40758602E-12,0,6,7,1
0.0,1,10,6,0
0.0,1,1,10,0
0.0,1,5,10,0
1.976073095320191E-5,0,4,11,1
0.0,1,5,10,0
0.0,0,1,10,0
0.0,1,3,3,0
3.8421396654813E-7,0,6,10,1
1.416296701045E-8,0,1,10,1
2.758043252555E-8,0,7,7,1
0.0,0,7,3,0
0.0,0,6,1,1
0.0,1,1,12,0
0.0,1,3,11,0
0.0,1,11,3,0
0.0,1,10,6,0
0.0,1,4,2,0
0.0,1,2,2,0
0.0,0,1,9,1
1.0,0,6,5,1
3.603860843844016E-4,0,3,6,1
0.0,1,5,3,0
0.0,1,1,11,0
0.0,1,4,4,0
0.0,0,1,3,1
0.0,1,1,11,0
5.340916852E-11,1,1,12,1
0.025787965616045846,0,1,1,1
0.0,0,7,7,0
0.2052313883299799,0,6,6,1
0.0,1,10,7,0
0.0,1,10,10,0
4.954297546124193E-5,0,7,1,1
0.0,1,10,1,0
0.0,1,2,3,0
0.0,1,4,6,0
1.71560422E-12,1,5,5,0
0.0,1,5,6,0
0.0,1,5,4,0
0.0,0,3,12,0
2.776859504132232E-4,1,4,1,1
0.0,0,11,3,1
0.0,0,4,4,1
0.0,1,12,1,0
0.0,0,2,6,1
0.0,1,5,5,0
0.0,0,6,1,1
0.0,1,10,10,0
0.017454545454545455,0,4,6,0
0.09454545454545454,0,3,10,1
0.0,1,5,6,0
1.978E-17,0,7,4,1
0.001331935273613512,0,3,5,1
0.0,1,10,11,0
0.0,1,11,2,0
0.0,1,4,6,0
0.03636363636363636,0,11,4,1
0.06876790830945559,0,7,9,1
2.58484342422E-9,0,6,10,1
0.0,1,11,6,0
0.22545454545454546,0,1,7,1
0.0,1,5,5,0
1.0E-20,0,6,2,1
0.0,1,7,4,0
0.034383954154727794,0,4,3,1
0.0,1,5,5,0
0.0,1,2,1,0
2.21E-18,0,10,1,1
3.43480680696E-9,0,9,6,1
0.0,0,6,1,0
5.2000339E-13,0,5,5,1
0.0,1,10,6,0
0.0,0,4,5,0
0.0,1,11,7,0
0.0,0,3,2,0
0.16045845272206305,0,4,4,0
0.002012072434607646,0,6,11,1
0.0,1,6,11,0
0.0,1,6,10,0
0.0,1,11,6,0
1.7E-19,1,10,5,0
2.464822E-14,0,3,3,1
1.0,0,4,1,1
0.02909090909090909,0,5,6,1
0.0,1,2,7,0
0.0020525283043653173,0,2,11,1
1.0106413496346E-7,0,1,10,1
8.8140575087E-10,0,3,5,1
0.0,1,3,3,0
0.0,1,6,1,0
4.881041252E-9,0,3,2,1
1.88335987979E-9,0,5,4,0
1.0106413496346E-7,0,6,5,1
0.0,1,6,5,0
0.0,1,10,7,0
0.0028653295128939827,0,7,7,1
1.0,0,4,1,1
0.0,1,3,2,0
0.0,1,10,5,0
0.0,1,6,2,0
0.04000000000000001,0,6,2,0
0.0,1,6,6,0
1.0,0,3,2,1
0.0,1,4,2,0
0.0,0,2,10,0
0.0,1,7,7,0
2.9986062E-13,0,3,1,1
9.099804470877E-8,0,2,11,1
0.18108651911468812,0,6,6,1
0.0,1,3,3,0
0.08022922636103152,0,10,3,1
0.0,0,2,2,0
0.0,0,12,1,0
1.0,0,6,5,1
1.0,0,5,6,1
0.0,1,5,1,0
0.04,0,1,11,1
7.854545454545456E-4,0,3,10,0
1.80147E-15,0,1,4,1
9.13327044763551E-6,0,5,1,0
3.352266858132466E-5,0,5,6,1
0.0,1,4,2,0
8.631302E-14,1,6,11,1
0.016045845272206306,0,6,6,0
0.0,1,6,11,1
0.0,0,2,3,0
2.8401511E-13,0,4,3,1
0.0,1,7,7,0
6.06653631392E-9,0,7,12,1
0.0,1,11,2,0
0.0,1,2,4,0
8.00120210368144E-6,0,3,2,0
0.0,0,11,10,0
0.0,1,1,2,0
0.11636363636363636,0,10,1,1
0.0,0,7,1,1
1.0359845595E-10,0,2,1,0
0.06876790830945559,0,5,7,1
1.2837E-16,0,11,11,1
2.4161290523E-10,0,10,4,0
1.7687548E-13,1,2,2,0
0.01090909090909091,0,4,4,1
0.0,1,7,2,0
0.0,1,6,1,0
0.0,0,5,5,0
0.0,1,7,5,0
1.0,0,1,4,1
0.0,1,1,2,0
4.4429752066116E-7,1,2,2,0
3.1976E-16,0,3,7,0
9.12E-18,0,11,1,0
7.62441772887934E-6,1,4,4,1
0.0,1,1,6,0
0.0,1,2,2,0
0.0,0,5,9,1
0.0,1,10,12,0
7.3311708931532E-7,0,5,6,1
0.006036217303822937,0,1,1,1
1.088297725E-11,0,4,5,0
0.004024144869215292,0,4,1,1
4.02857728297247E-6,0,6,9,1
0.22349570200573066,0,3,9,1
0.0,1,10,10,0
1.0,0,10,1,1
1.620475537003E-8,0,2,3,1
0.0,0,6,4,0
0.06181818181818182,0,4,1,1
1.05E-18,0,6,10,1
6.486949518919229E-4,0,1,6,1
9.4098718824771E-7,0,4,7,1
0.0,0,6,3,1
0.0,1,4,3,0
2.833904837475558E-4,0,4,4,1
0.0,0,3,12,0
6.70453371626493E-6,0,6,5,1
0.0,1,3,3,0
8.631302E-14,1,3,12,1
0.0,0,11,11,0
0.0,1,10,3,0
0.10462776659959759,0,4,5,1
0.0,1,5,1,0
7.11886835E-12,0,1,4,1
5.8696E-16,1,5,1,0
0.0,1,6,7,0
4.07333925278328E-6,0,1,11,1
0.02865329512893983,0,2,3,0
2.4E-18,0,12,12,1
0.0,1,1,3,0
0.22349570200573066,0,4,11,1
0.0,1,2,5,0
0.0,1,7,10,1
7.52E-18,0,2,5,0
1.38497E-15,0,2,4,0
0.02865329512893983,0,4,1,1
1.36297825055806E-6,0,6,6,1
1.0566E-16,0,3,4,1
0.011461318051575931,0,1,11,1
1.0,0,6,5,1
0.22349570200573066,0,11,6,1
2.9556407582860566E-4,0,6,4,1
6.01743298707E-9,0,3,10,1
8.631302E-14,1,10,2,1
5.3674007E-13,0,10,9,1
5.29677704E-12,0,7,4,1
0.034383954154727794,0,7,6,1
3.228512E-14,0,11,5,1
0.0,1,10,10,0
3.6E-19,0,4,4,1
0.04886835304252486,0,12,12,1
0.0,1,2,5,0
6.13519993E-12,1,10,10,0
0.0,1,11,1,0
3.0E-20,0,6,3,1
0.0,0,3,2,0
0.0,0,4,10,1
0.0,1,2,2,0
0.24949698189134809,0,2,1,1
0.23008849557522124,0,4,6,1
4.529680447725E-8,0,1,6,1
0.0,1,5,3,0
5.667809674951116E-4,0,4,4,1
2.075468869E-11,1,5,6,1
0.0,1,6,6,0
0.22349570200573066,0,12,1,1
5.2900509776E-10,0,4,2,1
0.10909090909090909,0,9,3,1
0.0,1,12,6,0
0.05157593123209169,0,11,4,1
0.0,0,7,6,1
0.017191977077363897,0,6,9,1
1.7142724444E-10,0,2,2,0
4.99871317E-12,0,10,2,1
1.0,0,4,1,1
1.0,0,10,3,1
0.0,1,4,10,1
1.5384E-16,0,4,10,0
0.0,0,1,2,0
1.0,0,6,5,1
0.11636363636363636,0,6,5,1
1.0,0,10,3,1
1.0,0,5,6,1
0.14084507042253522,0,5,5,1
0.034383954154727794,0,6,1,1
1.0,0,1,10,1
9.4098718824771E-7,0,10,2,1
1.6623248E-13,0,7,7,1
2.79257E-15,0,7,3,1
0.0,1,6,10,0
0.0,1,5,1,0
0.002012072434607646,0,5,6,1
0.0,0,6,3,0
0.002697520661157025,0,1,4,0
0.010155371900826446,0,1,2,1
9.0826106E-12,0,11,1,0
0.0,1,3,10,0
1.692561983471074E-5,0,6,5,1
0.0,1,5,5,0
1.9193005398275104E-4,0,6,1,1
1.0,0,6,5,1
0.0,1,5,2,0
1.692561983471074E-5,0,4,1,1
0.0,1,10,4,1
0.0,0,4,2,0
0.0,1,3,12,1
0.0,1,6,2,0
5.5E-19,0,4,4,1
0.0,1,5,11,0
0.014326647564469915,0,7,10,1
2.11570247933884E-6,0,6,5,1
2.7840013066965E-7,0,7,9,1
6.896495102667467E-4,0,6,9,1
0.08022922636103152,0,2,2,1
0.004129404191750098,0,5,1,1
9.195326803556621E-5,0,3,4,0
0.0,0,1,5,0
8.17678705463E-9,0,3,3,1
0.0,1,12,7,0
5.141E-17,0,6,6,0
0.0,0,3,5,1
1.0,0,6,5,1
4.7437843E-13,0,1,1,1
2.8401511E-13,0,6,1,1
0.034383954154727794,0,9,10,1
0.0,1,3,4,0
9.53E-18,0,4,6,0
7.34412E-15,0,2,1,0
0.06876790830945559,0,7,5,1
1.8E-19,1,7,4,0
1.0,0,5,6,1
0.07964601769911504,0,4,6,1
0.21238938053097345,0,3,3,1
1.0,0,4,6,1
0.0,0,1,3,1
1.0E-20,1,2,4,1
0.0,1,1,5,0
7.12E-18,1,10,10,0
5.3E-19,1,5,1,0
0.0,1,2,2,0
5.1E-19,0,2,1,1
0.0,1,11,6,0
0.0,0,12,4,1
6.400000000000002E-5,1,1,4,0
0.0,1,6,6,0
0.0,1,10,1,0
0.0,1,6,6,0
6.9937E-15,1,3,5,0
1.692561983471074E-5,0,10,1,1
4.02857728297247E-6,0,6,11,1
2.932468357261284E-5,0,10,10,1
0.0,1,7,5,0
0.0,1,4,11,0
1.0953775E-13,0,3,5,1
1.0,0,1,10,1
1.430602728328E-8,0,4,3,1
0.0,0,1,4,0
0.0,0,1,3,1
4.529680447725E-8,0,1,6,1
0.0,1,6,6,0
0.0,1,1,6,0
0.0,0,5,7,0
5.945E-17,1,6,3,0
3.84546013375E-9,0,4,7,0
2.0E-20,0,1,10,0
0.0,1,2,4,0
0.0,1,4,10,0
0.0,1,4,2,0
9.4098718824771E-7,0,10,5,1
0.0,1,3,9,0
0.0,0,3,10,1
0.0,0,3,5,0
3.228512E-14,0,7,5,1
1.1617E-16,1,7,1,0
4.926067930476762E-4,0,1,2,1
2.79257E-15,0,9,1,1
0.006418338108882523,0,7,7,0
0.0,1,1,4,1
3.65439519158527E-6,0,9,5,0
1.0,0,6,5,1
0.0,1,10,4,0
0.0,1,10,10,0
0.0,1,6,5,1
0.0,1,10,4,0
0.0,0,1,1,0
0.0,0,3,11,0
1.5E-19,1,7,7,0
0.0,0,5,10,1
0.0,1,3,11,0
0.0,1,5,2,0
2.885048835462059E-5,0,1,5,1
0.0,1,11,2,0
4.130237122903E-8,0,4,11,1
1.0,0,6,5,1
0.054441260744985676,0,3,10,1
0.0,1,1,1,1
5.69109051452E-9,0,5,4,0
4.0E-20,0,10,2,0
0.0032091690544412614,0,3,3,0
3.13611199318221E-6,0,1,5,1
6.50810813E-12,0,4,11,1
1.27033270413441E-6,0,3,3,1
5.257664805396E-8,0,11,1,1
0.0,1,2,3,1
8.728584113107E-7,0,4,1,1
1.0,0,5,6,1
0.0,0,12,12,1
1.0,0,1,10,1
0.0028653295128939827,0,2,2,1
0.08022922636103152,0,2,9,1
0.0,1,3,2,0
0.11636363636363636,0,6,4,1
2.270652650403E-8,0,1,7,1
0.0,1,10,3,0
6.08884696509034E-6,0,5,1,0
0.0,0,3,11,1
4.80169E-14,0,6,10,1
2.20643460204E-9,0,5,5,0
0.0,1,3,3,0
0.014545454545454545,0,11,11,1
0.06876790830945559,0,9,6,1
0.0,1,1,11,0
1.0E-18,1,6,6,0
4.6108372224137786E-4,0,3,3,0
1.81772116999E-9,0,2,2,1
0.0,0,11,6,0
2.776859504132232E-4,1,10,11,0
5.73297563844581E-5,0,2,11,1
3.275E-17,0,5,6,1
0.0,1,3,4,0
0.23008849557522124,0,6,5,1
0.0,1,5,7,0
6.403888309619789E-4,0,4,1,1
1.68294515401953E-6,0,6,6,1
0.0,0,3,7,0
5.7339713E-13,0,1,7,1
1.0,0,7,11,1
6.2549E-16,0,6,3,1
2.1051864506961288E-4,0,4,1,1
0.0,1,4,7,0
0.0,0,11,11,0
0.0,1,2,1,0
0.0,1,12,6,0
0.0,1,1,4,0
0.0,1,1,5,0
0.0016396694214876033,0,7,6,1
0.0,1,5,5,0
0.0,1,11,5,1
8.210113217461269E-5,0,3,3,1
2.464822E-14,0,1,1,1
0.0,1,2,6,0
1.040715798101E-8,0,1,2,1
0.0,1,10,7,1
3.3647362E-13,0,10,6,1
5.66518680418E-8,0,4,1,1
7.287556E-14,0,5,7,1
2.4E-18,0,2,2,1
0.0,0,6,7,1
0.017699115044247787,0,1,6,1
0.0,0,6,10,1
9.155857461E-11,0,6,3,1
0.07163323782234957,0,9,11,1
0.025787965616045846,0,3,3,1
0.0,1,7,10,0
0.0,1,5,5,0
0.034383954154727794,0,6,1,1
2.739E-17,0,4,2,1
0.0,1,4,1,0
3.848789536E-11,0,6,3,0
0.0,1,3,6,0
1.4431259067E-8,1,1,1,0
4.0E-20,0,7,11,0
1.172987342904514E-5,0,11,4,0
0.0,0,2,11,1
1.9618332081142E-5,0,11,11,1
0.0,1,6,10,0
0.0,1,1,3,0
0.0,0,10,4,1
0.0,1,3,2,1
0.0,1,6,4,0
1.0,0,4,1,1
0.0,0,4,1,0
0.0,0,6,5,0
0.05309734513274336,0,2,6,1
5.66518680418E-8,0,10,3,1
0.0,1,2,2,0
1.5166340784795E-7,0,1,2,1
0.0,0,4,2,1
0.0,1,6,2,0
0.0,0,1,1,0
8.728584113107E-7,0,3,1,1
2.24131275E-12,0,1,9,1
0.0,0,3,10,0
0.0,1,4,4,0
1.3957192469684157E-4,0,7,11,1
0.0,1,3,6,0
0.025454545454545455,0,2,10,0
0.0,1,4,5,0
0.0,1,4,4,0
0.0,1,6,6,0
5.9112815165721E-7,0,4,2,0
0.0,1,4,11,0
1.3848234410217882E-4,0,10,1,1
4.6678461E-13,0,3,9,1
0.2052313883299799,0,10,10,1
0.0,1,1,6,0
1.888395601393E-8,0,10,3,1
0.0,1,1,4,0
0.0,1,2,7,0
0.0,1,6,4,0
0.0,1,5,5,0
0.0,1,10,7,0
0.22349570200573066,0,9,10,1
3.26972201352367E-6,0,1,1,0
0.0,0,1,4,0
0.0,1,2,7,0
0.11636363636363636,0,10,1,1
3.8421396654813E-7,0,6,4,1
5.29677704E-12,0,6,2,1
0.02865329512893983,0,2,3,1
0.0,1,1,1,0
0.0,1,5,4,0
0.0,1,12,1,0
0.0,1,1,2,0
3.0E-20,1,12,4,0
0.0,1,7,2,0
1.9432490314118E-7,1,6,10,0
2.5590673864366807E-4,0,5,4,1
1.0E-20,0,5,10,1
0.0,0,10,4,0
9.870550087379E-8,0,9,5,1
5.45536507069E-9,0,4,3,0
0.2052313883299799,0,4,4,0
1.25842234846E-9,1,11,2,1
0.0,1,10,5,0
0.0,1,2,10,0
0.02909090909090909,0,1,11,1
0.0,1,12,12,0
1.0,0,3,7,1
1.0,0,5,6,1
1.0,0,10,3,1
0.0,0,2,2,0
0.0,1,7,2,0
7.11886835E-12,0,3,10,1
0.0,1,5,1,0
0.0,1,2,10,0
0.0,1,2,10,0
0.01818181818181818,0,10,9,1
0.0,1,10,2,0
0.004024144869215292,0,5,6,1
0.0,1,1,4,0
1.0,0,5,6,1
0.0,1,4,7,0
2.644628099173554E-4,0,10,2,1
1.209740946315522E-4,0,5,4,0
1.0,0,1,4,1
0.026234710743801654,0,1,2,1
6.77510775538351E-6,0,9,6,1
0.0,1,1,3,0
0.0,0,2,2,0
6.2722239863644E-7,0,5,4,0
0.0,1,6,4,0
0.0,0,4,6,0
1.9628222794E-10,0,1,11,1
0.0,1,3,10,0
1.0106413496346E-7,0,1,4,1
0.0,0,10,10,0
0.0,1,4,10,0
2.26E-18,1,7,7,0
0.0,1,2,10,0
1.0,0,5,6,1
0.0,1,9,10,0
0.014326647564469915,0,2,11,1
0.0,1,5,1,0
0.0,0,5,11,1
0.0,1,12,7,0
2.6321466899676E-7,0,2,11,1
0.0,1,2,3,0
0.11636363636363636,0,10,3,1
6.611570247933885E-5,0,1,11,1
0.034383954154727794,0,4,10,1
2.2167305687145427E-4,0,3,3,1
4.844926041554E-8,0,4,10,1
1.64544658015E-9,1,6,6,0
3.57983489E-12,0,5,4,1
0.0,1,6,1,0
1.888395601393E-8,0,10,1,1
0.0,1,10,1,0
0.08022922636103152,0,12,11,1
0.0,0,3,1,0
0.0,1,11,10,0
0.0,1,4,2,0
0.2052313883299799,0,3,6,1
2.1024346546E-10,0,2,3,1
0.0,1,12,4,0
1.0,0,10,1,1
1.0,0,4,1,1
1.291980277748E-8,0,4,2,1
4.1E-19,0,10,10,0
0.09454545454545454,0,10,2,1
0.0,1,5,6,0
0.0,0,7,3,0
5.24448E-15,0,1,12,0
0.0,1,6,6,0
0.0,1,6,5,0
0.0,1,3,10,0
0.07163323782234957,0,5,6,1
0.0,1,6,6,0
0.0,1,6,11,0
0.0,1,4,4,0
0.0,1,2,11,0
0.0,1,4,2,0
0.0,1,3,4,0
0.23008849557522124,0,4,5,1
0.0,0,3,12,0
0.0,1,4,1,0
2.644628099173554E-4,0,11,5,1
0.0,1,2,3,0
2.0E-20,0,9,2,1
1.0,0,5,6,1
6.273585E-14,0,4,3,0
0.011461318051575931,0,1,9,1
1.0,0,6,5,1
0.002012072434607646,0,5,6,1
0.02890582934225069,0,2,4,1
0.0,1,5,10,0
4.4747172465E-10,0,2,3,1
0.0,1,3,11,0
5.289256198347107E-5,0,4,7,1
5.3714363772966E-7,0,6,5,1
1.048297475E-10,1,2,6,0
0.0,0,3,12,1
3.352266858132466E-5,0,5,6,1
0.18108651911468812,0,1,1,1
1.9193005398275104E-4,0,4,11,1
3.848789536E-11,0,1,12,0
8.17678705463E-9,0,10,10,1
0.12363636363636364,0,3,10,0
0.0,1,2,3,0
0.0,0,3,2,0
1.47137490608565E-5,0,7,11,0
1.317382063546794E-5,0,10,9,1
0.0,1,2,11,0
0.0,1,1,10,0
1.0,0,3,10,1
0.0,1,5,2,0
3.43458487500451E-6,0,6,12,1
0.014326647564469915,0,7,2,1
0.0,1,2,3,0
0.08022922636103152,0,11,7,1
0.09456740442655935,0,4,1,1
0.0,1,2,7,0
5.7339713E-13,0,6,10,1
0.22349570200573066,0,11,3,1
0.0,1,10,4,0
0.011424793388429751,0,6,3,1
6.962E-17,0,4,6,0
0.0,1,1,4,0
0.0,1,7,10,0
7.933884297520661E-4,0,4,4,0
8.210113217461268E-4,0,2,3,0
1.317382063546794E-5,0,3,11,1
1.6623248E-13,0,11,11,1
0.0,1,11,1,0
0.0,1,3,2,0
1.72127857E-11,1,10,3,0
0.0,1,2,10,0
0.014545454545454545,0,2,2,1
0.0,1,11,2,0
0.0,1,11,2,0
0.0,1,1,6,0
3.1E-19,0,2,10,1
0.0,1,7,10,0
2.02797298E-11,0,7,11,1
4.88821056684E-9,0,11,9,1
0.0,0,7,5,0
2.538842975206612E-5,0,3,1,0
0.034383954154727794,0,10,6,1
2.115702479338843E-4,0,1,4,1
0.0,1,6,1,0
0.0,1,4,1,0
0.0,1,4,1,0
9.535E-17,0,11,11,0
9.309090909090912E-5,1,6,4,0
5.965898066416E-8,0,10,11,1
1.692561983471074E-5,0,6,3,1
1.6467275794335E-7,0,6,5,1
1.0,0,5,6,1
0.1592920353982301,0,5,4,1
5.840562181881E-8,0,11,3,1
0.0,0,3,4,0
0.0,1,10,11,0
0.0,1,5,5,0
7.26825515967E-9,0,4,7,1
0.0,0,1,7,1
1.0,0,5,6,1
0.0,1,1,6,0
0.0,1,3,3,0
5.1930879038317E-7,0,7,1,0
8.0896E-16,1,3,3,0
0.0,1,4,1,0
0.03636363636363636,0,9,3,1
0.0,0,2,2,0
0.0,1,10,6,0
0.0,0,4,7,1
1.4E-19,1,2,7,0
4.47E-18,0,3,1,1
2.201910020499641E-5,0,3,12,1
0.028506539274806172,0,5,1,1
1.0,0,6,5,1
0.0,1,6,3,0
2.02797298E-11,0,11,12,1
0.0,0,10,5,0
2.201910020499641E-5,0,10,2,1
5.289256198347107E-5,0,6,10,1
2.999396662539575E-5,0,7,7,1
0.01090909090909091,0,3,3,1
4.926067930476762E-4,0,1,12,1
0.11636363636363636,0,1,10,1
0.02909090909090909,0,6,10,1
2.885048835462059E-5,0,1,5,1
2.115702479338843E-4,0,5,6,1
0.0,1,6,3,0
0.0,0,4,10,0
0.0,1,4,7,1
1.0,0,4,1,1
0.0,1,4,1,0
6.77510775538351E-6,0,7,4,1
0.0,1,11,2,0
0.025787965616045846,0,3,3,1
2.199351267946E-7,0,2,11,1
0.0,1,1,4,0
1.0,0,6,5,1
0.0,1,5,2,0
0.034383954154727794,0,10,4,1
0.2052313883299799,0,2,1,0
0.22545454545454546,0,5,1,1
9.21E-18,0,5,4,1
6.4319364477E-10,0,11,2,1
1.0690889E-13,1,2,6,0
4.724365853788E-8,0,5,5,0
0.0,1,5,6,0
0.02909090909090909,0,1,1,1
3.9594385E-13,0,7,9,1
0.0,1,10,3,0
0.0,1,2,5,0
7.700112741E-11,0,3,6,1
2.758043252555E-8,0,2,2,1
1.0,0,10,1,1
2.26362E-15,0,10,6,1
0.06876790830945559,0,7,5,1
0.034383954154727794,0,7,7,1
0.0,1,2,4,1
0.017699115044247787,0,1,6,1
1.9704271721907046E-4,0,10,10,1
0.0,0,3,3,0
2.3162E-16,0,3,3,0
0.0,1,3,2,1
2.7111482733554E-7,0,6,10,1
5.950413223140496E-4,0,1,11,1
0.0,1,6,10,0
0.01090909090909091,0,2,2,1
0.0,1,7,10,1
0.0,1,6,6,0
0.0,1,3,6,0
0.0,1,3,6,0
0.0,1,10,4,0
1.0566E-16,0,6,1,1
0.0,1,11,1,0
7.40758602E-12,0,10,9,1
3.0393886180401E-7,0,6,5,0
7.8013383E-13,0,3,4,1
0.0016396694214876033,0,3,1,1
0.0,1,7,7,0
0.026234710743801654,0,3,11,1
0.0,0,6,4,1
0.0,1,4,3,0
6.486949518919229E-4,0,3,4,1
4.65855355E-12,0,10,12,0
1.0,0,4,1,1
1.3848234410217882E-4,0,5,6,1
1.7E-19,0,5,5,0
0.0,1,10,7,0
2.9472E-16,0,4,4,0
0.0,1,7,10,1
0.0,1,5,5,0
1.175207668E-11,0,5,3,0
2.5E-19,0,2,7,1
0.0,1,4,6,0
0.05090909090909091,0,2,10,1
6.483066699E-11,0,11,7,1
1.58733986E-12,0,5,6,0
0.0,1,2,2,1
1.451325E-14,1,6,7,0
0.0,1,1,10,0
2.8614366652E-10,0,12,12,1
0.0,1,1,11,0
0.0,1,7,10,0
0.0,0,6,4,1
9.32787E-15,0,12,2,0
0.0,1,3,10,0
0.22349570200573066,0,11,3,1
1.3957192469684157E-4,0,11,9,1
6.611570247933885E-5,0,2,3,1
1.0,0,6,5,1
1.35585586E-11,0,6,6,0
0.02865329512893983,0,3,1,1
0.10663983903420524,0,3,3,1
0.11636363636363636,0,3,3,0
6.25E-18,1,4,3,0
1.0E-20,1,3,3,0
4.88821056684E-9,0,7,11,1
0.16045845272206305,0,3,3,1
5.289256198347107E-5,0,3,10,1
2.140181681579E-8,1,6,11,0
0.0,0,6,3,0
2.9556407582860566E-4,0,4,10,1
0.0,1,3,3,0
0.0,1,2,3,0
0.0,1,6,3,0
3.2045501115E-10,1,5,6,1
0.0,0,2,2,1
0.0,1,1,3,0
0.03636363636363636,0,9,4,1
1.0,0,1,4,1
1.043E-15,0,6,3,1
0.0,1,6,5,0
7.700112741E-11,0,6,4,1
0.2052313883299799,0,6,3,1
0.18108651911468812,0,10,10,0
0.0,1,2,4,0
0.034383954154727794,0,11,3,1
0.0,0,10,4,0
0.11636363636363636,0,4,6,1
0.0,1,12,12,0
0.0,0,5,7,1
0.0,0,2,4,0
5.66518680418E-8,0,4,1,1
6.031525E-14,0,6,2,1
5.8750085376682E-7,0,4,4,1
0.0,1,4,1,0
4.0E-20,0,6,2,1
2.5E-19,0,1,6,1
0.0,1,10,10,0
1.0,0,6,5,1
0.0,1,6,3,0
0.22545454545454546,0,3,1,1
0.034383954154727794,0,4,6,1
0.0,0,3,3,0
0.09454545454545454,0,12,10,1
3.1731E-16,1,6,1,0
0.16045845272206305,0,1,1,1
0.0,1,4,3,0
0.0,1,2,11,0
1.0,0,6,5,1
2.48E-17,1,4,4,0
0.0,0,2,9,1
2.270652650403E-8,0,6,3,1
2.68527197818E-9,0,10,9,1
1.0,0,4,1,1
0.0,1,2,10,0
2.8614366652E-10,0,2,2,1
0.0,0,6,1,1
1.074287275E-11,1,2,11,0
0.0,0,12,1,1
1.0,0,5,6,1
0.0,1,1,6,0
0.18108651911468812,0,10,10,1
0.02909090909090909,0,6,3,1
5.14938300999171E-5,0,10,3,0
2.6321466899676E-7,0,5,7,1
5.3714363772966E-7,0,3,2,1
0.0,1,10,1,0
0.0,0,2,2,1
0.23008849557522124,0,3,2,1
0.0,1,6,4,0
0.0,0,6,3,1
0.0,0,11,1,1
0.0,1,1,1,0
0.0,1,1,1,0
0.0,1,2,3,1
1.0,0,11,10,1
1.0,0,6,5,1
9.1E-19,0,2,1,1
0.0,1,4,1,0
2.0E-20,0,3,11,1
1.580858476256153E-5,0,3,4,1
0.11636363636363636,0,3,1,1
6.273585E-14,0,5,4,0
0.0,0,6,4,1
0.0,1,2,4,0
9.2E-19,1,2,11,0
0.0,1,3,11,1
0.0,1,1,11,0
0.0,1,2,1,0
0.0,1,2,5,0
3.72083874052E-9,0,3,2,0
7.05740391185782E-6,0,1,1,0
0.0,0,10,1,0
0.22349570200573066,0,2,1,1
2.772200649110782E-5,0,4,4,1
0.003279232740507431,0,4,4,1
3.0E-20,0,6,3,1
1.468752134417E-7,0,1,7,1
0.11636363636363636,0,5,4,0
0.003303523353400079,0,1,4,1
9.852135860953521E-4,0,4,6,0
0.0,1,6,10,0
2.885048835462059E-5,0,3,1,1
1.040715798101E-8,0,4,1,1
0.0,1,1,3,0
0.0,0,3,11,0
1.1381097849778E-7,0,7,4,1
1.0,0,10,11,1
1.78787565767065E-6,0,6,4,1
9.04718607874E-9,0,11,6,1
0.02550514353728002,0,4,4,1
0.007272727272727273,0,2,10,1
0.0,1,1,2,0
0.0,1,10,6,0
1.0,0,4,1,1
0.05157593123209169,0,3,3,1
0.01090909090909091,0,6,6,0
2.776859504132232E-4,0,1,4,1
0.0,1,6,2,0
0.04,0,5,12,1
2.1591713E-13,0,6,5,0
4.881041252E-9,0,4,12,1
3.2045501115E-10,1,1,4,1
9.157466E-14,0,2,2,0
0.0,1,3,2,0
0.034383954154727794,0,2,2,1
0.0,1,1,10,0
0.2052313883299799,0,5,6,1
1.71560422E-12,1,1,1,0
1.05E-18,0,6,4,1
1.0,0,7,11,1
9.3372077E-13,0,2,6,0
0.025787965616045846,0,1,1,1
6.12E-18,0,11,1,1
0.034383954154727794,0,5,5,1
8.991735537190083E-4,0,7,7,0
0.0,0,6,5,1
0.0,0,10,2,1
0.0,1,4,1,0
6.12E-18,0,7,3,1
0.0,1,10,4,0
1.571922E-14,0,4,6,0
4.447944853E-11,0,4,1,1
0.0,0,10,12,0
0.010155371900826446,0,1,9,1
0.0,1,4,1,0
0.10663983903420524,0,5,4,1
9.155857461E-11,0,3,11,1
0.0,1,3,3,0
0.02909090909090909,0,3,6,1
3.3395E-16,0,5,6,1
1.0,0,1,11,1
0.0,0,10,11,0
0.0,0,10,2,0
0.24949698189134809,0,6,4,1
1.0,0,1,10,1
1.0E-20,1,6,4,0
0.061946902654867256,0,1,1,1
0.09818181818181818,0,4,3,1
4.4958677685950416E-4,0,6,5,1
0.0,1,5,5,0
5.945E-17,1,3,11,0
0.0,1,10,1,0
0.02188584221627552,0,3,3,1
1.0,0,9,5,0
0.006770247933884297,0,10,10,0
1.0,0,4,1,1
0.0,1,10,2,0
0.0011461318051575935,0,3,1,0
8.8140575087E-10,0,6,1,1
0.0,1,3,4,0
3.821983758963874E-5,0,4,4,1
1.0,0,10,1,1
0.0,1,6,5,1
0.0,1,4,5,0
0.0,1,1,4,0
0.0,1,3,2,0
0.04886835304252486,0,11,11,1
2.6321466899676E-7,0,7,9,1
0.11636363636363636,0,4,1,1
2.776859504132232E-4,1,10,1,1
0.0,1,2,11,0
1.5600426921E-10,0,3,10,0
0.0,0,5,5,0
1.8622803217696523E-4,0,11,5,1
0.0,1,10,1,0
0.0012694214876033058,0,12,3,1
0.06876790830945559,0,9,7,1
0.034383954154727794,0,6,1,1
0.0,0,1,4,0
0.034383954154727794,0,10,6,1
0.0,1,10,1,0
0.0,1,6,4,0
2.7840013066965E-7,0,5,7,1
2.6197296134096887E-4,0,6,3,1
0.0,0,4,12,0
0.0,1,4,1,0
1.38530931128868E-6,0,2,4,1
1.0,0,5,6,1
0.0,0,1,6,0
1.228E-17,0,4,1,0
0.09454545454545454,0,5,4,1
2.8229615647431E-7,0,5,4,0
0.0,1,5,6,0
0.0012694214876033058,0,3,2,1
0.0,1,1,2,0
1.0,0,5,6,1
0.017699115044247787,0,1,1,1
0.0,1,3,1,0
1.0,0,1,4,1
2.42078E-15,0,4,4,0
0.0,1,5,12,0
0.02909090909090909,0,6,6,1
1.5307E-16,0,7,7,0
0.0,1,2,4,0
0.23008849557522124,0,6,5,1
0.09818181818181818,0,2,6,1
0.0,0,2,3,1
0.028506539274806172,0,2,5,1
0.0,1,10,1,0
4.61607813673929E-6,0,5,6,1
6.403888309619789E-4,0,6,5,1
0.0,1,3,4,0
0.0,1,10,11,0
0.0,1,1,4,0
0.07163323782234957,0,4,4,0
4.000601051840721E-5,0,2,10,0
0.0,1,5,1,0
0.034383954154727794,0,4,6,1
0.1592920353982301,0,4,5,1
1.580858476256153E-5,0,1,6,1
3.7872822894611E-6,0,6,2,1
0.0,0,9,5,1
0.0,0,6,4,0
0.0,1,1,3,0
0.0,1,4,9,0
0.034383954154727794,0,6,1,1
1.0,0,5,6,1
1.0,0,1,4,1
1.0,0,5,6,1
0.0,1,3,3,0
3.348720253129396E-5,0,5,3,1
0.0,1,10,7,0
0.0,1,10,12,0
0.0,1,3,4,0
2.64953690357491E-6,0,6,4,1
1.0,0,6,5,1
3.4E-19,1,3,1,0
1.32476845178745E-6,0,3,6,1
0.08022922636103152,0,7,5,1
0.0,1,6,2,0
0.0,0,4,5,0
8.792710963191E-8,0,1,1,1
0.007272727272727273,0,5,11,1
0.0,1,9,10,0
4.286638895E-11,1,6,10,0
0.0,1,2,2,0
0.07163323782234957,0,4,4,0
2.17213733E-12,0,11,6,1
0.0,0,6,4,1
0.0,1,1,1,0
0.0,1,3,10,0
5.3128389E-13,1,1,2,0
2.2167305687145427E-4,0,10,10,1
0.028169014084507043,0,3,11,1
0.010155371900826446,0,1,11,1
0.0,0,11,11,0
5.3674007E-13,0,11,9,1
0.0,1,1,11,0
0.0,1,6,6,0
7.7686063E-13,0,6,5,1
0.16045845272206305,0,3,3,1
4.881041252E-9,0,2,11,1
0.0,0,3,11,1
5.911236E-14,0,5,7,0
0.0,1,11,2,1
1.0,0,5,6,1
0.0,0,3,1,0
0.0,1,4,2,0
5.66518680418E-8,0,5,6,1
3.0E-20,0,4,6,1
3.510022902E-11,0,3,3,1
1.1343E-16,0,4,5,1
0.0,0,1,4,0
5.818181818181818E-4,0,3,10,1
0.0,1,2,2,0
0.10909090909090909,0,7,2,1
0.0,1,4,6,0
3.5883794E-13,0,3,5,0
0.014326647564469915,0,9,6,1
4.6797645339529233E-4,0,9,6,1
0.025787965616045846,0,1,1,1
0.0,1,3,5,0
0.0,1,1,11,0
4.0E-20,0,5,6,1
0.02909090909090909,0,1,4,1
0.0,1,4,4,0
0.0,1,7,4,0
0.0,1,6,4,0
0.0,1,11,6,0
0.0,1,5,5,0
0.0,0,7,3,0
3.5E-19,1,4,1,0
0.0,1,10,4,0
0.09454545454545454,0,11,10,1
2.7178082686352E-7,0,10,9,1
7.771041146742404E-5,0,4,4,1
0.0,1,4,3,0
0.0,1,7,2,0
1.0706767802178424E-4,0,2,3,1
0.0,1,2,2,0
0.0,0,11,4,0
1.69848187478712E-6,0,5,1,0
0.08022922636103152,0,11,2,1
1.0,0,5,6,1
1.0953775E-13,0,6,1,1
5.3714363772966E-7,0,7,8,1
1.418655E-14,0,5,3,1
0.025787965616045846,0,1,1,1
0.0,1,1,10,0
0.0,0,1,6,0
0.0,1,4,4,1
0.0,1,10,5,0
8.69316575392E-8,0,4,4,1
4.61607813673929E-6,0,10,3,1
0.0,1,12,12,0
1.255E-17,0,1,5,0
0.22545454545454546,0,6,3,1
0.025787965616045846,0,3,4,0
0.0,0,3,10,0
0.0,1,7,3,0
7.11886835E-12,0,6,5,1
0.0,1,1,10,0
0.16045845272206305,0,3,3,0
0.06876790830945559,0,11,7,1
0.0,1,6,6,0
0.0,1,6,5,0
1.0E-20,0,10,2,0
5.7339713E-13,0,1,11,1
0.0,1,4,1,0
0.0,1,2,1,0
0.0,1,1,7,0
3.945757531E-11,0,1,3,1
6.01743298707E-9,0,6,5,1
1.615627347859E-8,1,2,1,0
1.7E-19,1,6,1,0
0.0,1,2,10,0
4.505900365E-10,0,1,3,1
0.09818181818181818,0,10,4,1
0.0,0,2,10,1
0.0,1,10,4,0
0.0,0,5,6,0
1.3926059198639E-7,0,4,7,1
4.4747172465E-10,0,3,1,1
0.0,1,4,4,0
0.0,0,6,6,1
1.494593169159E-8,0,3,10,0
0.031796412276475755,0,1,5,0
0.2,0,5,12,0
3.0960204E-13,0,4,9,1
0.0020525283043653173,0,3,2,1
0.06181818181818182,0,5,6,1
0.0,1,5,7,0
1.462E-17,0,3,11,0
0.10462776659959759,0,4,5,1
1.430602728328E-8,0,2,6,1
0.0,1,7,3,0
0.10619469026548672,0,6,2,1
2.7053583E-12,0,1,1,0
0.0,1,6,2,0
2.0E-20,0,7,11,1
0.0,1,1,1,0
2.71780826864E-9,0,1,2,0
0.0,1,11,7,0
0.0,1,6,5,1
1.625871121397E-8,0,4,6,1
0.0023801652892561985,0,6,2,1
1.80147E-15,0,5,6,1
1.0,0,10,1,1
2.0E-20,0,9,10,1
0.03636363636363636,0,7,2,1
0.0,1,10,10,0
0.21238938053097345,0,6,6,1
1.0,0,5,6,1
3.0960204E-13,0,10,7,1
0.017191977077363897,0,4,7,1
0.0,0,3,10,0
0.0,1,1,10,0
9.309090909090912E-5,1,1,5,0
1.0,0,5,6,1
0.0,1,10,12,0
1.4778203791430283E-4,0,2,2,1
0.06876790830945559,0,9,7,1
1.0,0,6,5,1
2.77642811525E-9,0,2,6,1
1.0,0,4,1,1
0.0,0,10,1,0
3.685E-17,0,1,1,0
1.30928761696605E-6,0,3,3,1
0.0,1,3,10,0
0.0,1,3,1,0
0.007272727272727273,0,6,9,1
1.85985E-15,0,3,7,1
0.0,1,2,2,0
4.058210376632144E-5,0,1,4,1
0.0,0,2,2,0
1.146131805157593E-4,1,1,5,0
0.0,0,6,6,1
0.01940819970122546,0,3,3,1
0.0,1,3,4,0
9.4098718824771E-7,0,1,4,1
0.0,1,3,1,0
0.0,1,10,7,0
3.9390533E-13,0,12,12,0
3.597E-17,0,4,2,1
0.0012694214876033058,0,1,4,1
0.0,1,2,3,0
0.09454545454545454,0,1,10,1
0.0,0,2,2,0
4.2103729013922577E-4,0,6,5,1
0.09818181818181818,0,10,3,1
6.7338996366E-10,0,4,7,1
1.0930775801691436E-4,1,10,2,1
1.0,0,6,5,1
3.086696326E-11,1,4,3,1
2.16068742848E-9,0,10,5,1
0.0,1,10,4,0
5.289256198347107E-5,0,2,6,1
1.5166340784795E-7,0,3,11,1
0.0,1,1,11,0
0.0,1,5,6,0
1.0,0,1,4,1
4.0E-20,0,10,3,1
0.0,1,5,4,0
0.0,1,3,4,1
0.0,0,1,4,0
3.7446E-16,1,4,2,0
0.0,0,2,11,1
5.29677704E-12,0,10,3,1
1.0,0,1,10,1
2.89036E-15,0,10,1,0
0.0,0,1,1,0
0.2052313883299799,0,10,10,1
0.034383954154727794,0,5,5,1
0.0,1,7,4,0
0.16045845272206305,0,1,1,1
0.0,1,4,4,0
2.0E-20,0,10,4,0
0.0016217373797298073,0,6,4,1
2.022178771306E-8,0,4,1,0
2.30541861120689E-5,0,9,6,1
3.076368107E-11,0,2,2,0
0.026234710743801654,0,6,3,1
0.0,1,4,5,0
0.0,0,11,10,0
0.02890582934225069,0,1,4,1
0.23008849557522124,0,3,5,1
8.941289E-14,0,4,7,1
1.32476845178745E-6,0,6,4,1
0.02909090909090909,0,1,2,1
0.0,0,6,10,0
2.234844572088311E-5,0,6,5,1
0.0,1,12,10,0
2.252334E-14,0,10,3,0
0.07163323782234957,0,5,6,1
0.0,1,3,10,0
1.126034E-14,0,1,2,0
0.0,0,1,4,0
0.10619469026548672,0,1,4,1
1.9618332081142E-5,0,12,12,1
1.68294515401953E-6,0,3,3,1
0.0,1,5,3,0
5.818181818181818E-4,0,1,4,1
0.0,1,6,10,0
2.6197296134096887E-4,0,4,6,1
0.0,1,3,10,0
0.0,1,1,7,0
4.0E-20,0,6,6,0
0.0,1,3,2,0
0.0,1,1,10,0
0.010888252148997135,0,11,5,0
0.10462776659959759,0,11,4,1
1.4574367735588583E-4,0,4,11,1
2.0E-19,1,3,6,0
0.005101028707456003,0,3,3,1
6.12E-18,0,9,1,1
2.583298480985534E-5,0,6,6,0
7.2702E-15,0,4,6,1
0.0,1,6,2,0
0.02909090909090909,0,4,4,1
0.24949698189134809,0,2,10,1
0.0,0,7,7,0
8.807179966308059E-5,0,6,2,1
0.0,0,2,2,0
2.8401511E-13,0,6,1,1
1.0,0,6,5,1
0.0,1,4,6,0
6.50810813E-12,0,3,9,1
3.1735537190082645E-4,0,1,6,0
0.0,0,6,1,0
0.0,1,2,11,0
0.0,0,7,3,1
0.11636363636363636,0,6,1,0
0.0,1,1,1,0
1.0,0,4,3,1
1.1105712461E-10,0,4,2,0
0.0,1,4,1,0
3.896848137535817E-4,1,6,1,0
0.0,1,2,11,0
0.0038998037782941026,0,3,6,0
1.0,0,10,3,1
0.0,1,1,4,0
2.4E-19,1,3,7,0
0.1592920353982301,0,6,2,1
2.6204E-16,0,3,3,0
0.0,1,5,2,0
0.0,1,10,10,0
0.05157593123209169,0,1,1,1
0.0,1,6,5,0
2.2813E-16,0,3,2,1
0.01940819970122546,0,2,3,1
0.0,1,4,1,0
0.10619469026548672,0,3,2,1
0.0,1,10,6,0
0.034383954154727794,0,11,10,1
5.5E-19,0,3,3,1
9.809166040571E-7,1,3,3,0
0.0,1,10,4,0
0.0,1,3,10,0
2.201910020499641E-5,0,6,11,1
1.0,0,6,5,1
0.22545454545454546,0,4,6,1
0.0,1,4,1,0
0.0,1,7,11,0
0.0,0,4,4,1
0.0,1,5,3,0
0.0,1,5,3,0
4.781555E-13,1,11,2,0
0.0,0,3,4,0
0.0,1,2,7,0
0.0,1,1,10,0
0.0,0,3,6,0
0.06876790830945559,0,6,5,0
0.0,1,4,3,0
0.0,0,4,3,1
1.290487589646E-8,0,4,6,0
0.025787965616045846,0,1,1,1
0.0,1,4,10,0
2.464822E-14,0,6,6,1
0.16045845272206305,0,2,2,0
8.792710963191E-8,0,3,3,1
0.04,0,5,12,1
0.0,0,5,1,1
0.0,1,6,4,1
0.0,1,12,12,0
0.0,1,4,1,0
0.18108651911468812,0,10,10,1
0.01818181818181818,0,6,7,1
1.1054545454545459E-4,0,1,10,0
0.0,0,11,3,1
1.0,0,4,6,1
0.05309734513274336,0,5,4,1
0.0,0,9,10,1
0.0,1,10,12,0
0.0020525283043653173,0,4,12,1
1.0,0,1,4,1
0.0,0,3,2,1
0.0,0,1,1,0
9.46105271E-10,0,5,6,1
2.71315858327E-9,0,3,3,0
7.057403911858E-8,0,5,10,1
0.0,1,1,3,0
0.018108651911468814,1,6,4,0
1.0,0,6,5,1
0.0,0,3,4,1
1.468752134417E-7,0,6,10,1
0.0,1,2,10,0
0.0,1,1,3,0
6.4445117002E-10,0,4,4,1
0.034383954154727794,0,7,7,1
1.0,0,6,5,1
0.011424793388429751,0,1,2,1
0.02909090909090909,0,11,3,1
0.15492957746478872,0,1,5,1
0.0,1,4,10,0
0.0,1,2,4,0
0.0,1,6,6,0
0.028055657891008015,0,4,4,1
0.0,1,10,10,0
5.8750085376682E-7,0,2,2,1
0.0,0,6,10,0
0.0,0,6,2,0
0.0,1,11,7,0
0.0,1,11,4,0
0.0,1,4,3,0
2.885048835462059E-5,0,3,1,1
0.22349570200573066,0,7,6,1
8.462809917355372E-4,0,4,7,0
0.0,0,7,6,0
1.82719759579264E-6,0,4,1,1
5.8696E-16,1,2,6,0
0.0,0,10,3,0
1.0275580095664991E-4,0,2,7,1
0.0012613512953454059,0,3,5,1
1.9704271721907046E-4,0,6,6,1
6.50810813E-12,0,2,7,1
2.600165857E-11,0,1,12,0
9.730424278378844E-4,0,3,6,0
2.7840013066965E-7,0,2,11,1
1.692561983471074E-5,0,7,6,1
4.6797645339529233E-4,0,5,6,1
3.3647362E-13,0,4,6,1
1.0,0,7,11,1
1.0,0,3,10,1
0.011424793388429751,0,1,12,1
1.0897357E-12,0,1,7,0
0.0,1,3,1,0
0.09818181818181818,0,7,4,1
8.1301E-16,0,2,2,0
3.2045501115E-10,1,2,1,1
2.7696468820436E-7,0,5,3,0
0.0,1,11,9,0
0.0,1,12,10,0
0.0,1,3,3,0
0.0,1,4,4,1
1.0,0,3,10,1
5.2000339E-13,0,1,1,1
0.0,0,1,2,1
0.061946902654867256,0,5,6,1
3.125794479869E-8,0,6,4,1
0.0019837333862328904,0,6,5,1
0.0,1,4,7,0
1.0,0,9,4,1
9.1E-19,0,4,5,1
1.430602728328E-8,0,3,10,1
0.0,1,1,3,0
0.06876790830945559,0,11,2,1
0.0,0,7,7,0
4.61607813673929E-6,0,1,4,1
0.0,1,1,4,0
0.22349570200573066,0,1,2,1
0.0,0,3,4,0
0.0,1,7,11,0
0.026234710743801654,0,6,3,1
3.3647362E-13,0,10,4,1
0.0,1,5,2,0
5.2000339E-13,0,5,5,0
0.0,0,10,1,1
0.0,1,2,3,1
3.603860843844016E-4,0,6,4,1
0.0,1,7,9,0
0.0,0,10,11,0
0.0,0,2,2,1
0.0,1,1,10,0
2.772200649110782E-5,0,2,2,1
2.234844572088311E-5,0,6,5,1
1.0,0,10,1,1
0.0,1,4,3,0
3.32567E-15,0,2,2,1
7.287556E-14,0,7,9,1
5.5E-19,0,2,2,1
2.0E-20,0,7,3,0
1.0,0,5,6,1
0.0,1,4,2,0
1.33377719E-12,0,6,4,1
0.0,1,3,2,0
4.83459461E-12,0,1,9,1
0.0,1,1,1,0
0.013487603305785124,0,11,3,1
2.739E-17,0,4,5,1
0.11636363636363636,0,1,4,1
0.0,1,4,10,0
0.0,1,1,12,0
0.0,1,4,10,0
0.0,1,2,2,0
2.0E-20,1,1,4,0
1.0,0,6,5,1
0.0,1,10,7,1
7.1410188E-13,0,6,3,0
2.2813E-16,0,6,4,1
0.16045845272206305,0,3,3,1
0.014326647564469915,0,9,4,1
0.0,1,5,10,0
1.0,0,5,6,1
0.025787965616045846,0,12,4,1
4.00739E-15,1,5,12,0
0.0,1,7,2,0
0.07964601769911504,0,1,4,1
9.277935561E-11,0,1,11,0
0.10462776659959759,0,3,4,1
2.885048835462059E-5,0,1,5,1
0.0,1,10,3,0
0.21238938053097345,0,1,1,1
0.0,1,6,11,0
0.0,1,11,5,0
5.950413223140496E-4,0,6,10,1
0.0,1,10,2,0
0.0,1,11,1,0
5.6875371E-13,0,1,4,1
5.394408126321E-8,0,2,6,1
0.0,1,5,5,1
9.195326803556623E-5,0,7,4,0
0.0012874024833103247,0,1,4,1
5.394408126321E-8,0,12,6,1
0.0,1,3,1,0
0.0,1,11,4,0
5.818181818181818E-4,0,1,10,1
0.0,0,6,7,1
7.057403911858E-8,0,1,10,1
0.08022922636103152,0,10,6,1
0.00400795112728686,0,11,5,1
0.0,0,6,2,1
0.0,1,7,10,0
0.0,1,9,5,1
0.034383954154727794,0,2,2,1
0.0,1,7,5,0
2.776859504132232E-4,0,1,10,1
0.0,1,11,4,0
9.099804470877E-8,0,5,7,1
1.495558862203255E-5,0,1,2,1
2.21E-18,0,4,1,1
0.12363636363636364,0,1,1,0
4.250638617580766E-5,0,2,1,0
0.0,1,1,1,0
0.0,1,6,5,0
5.8750085376682E-7,0,4,4,1
0.07163323782234957,0,1,4,1
0.0,1,1,10,0
0.0,1,5,1,0
0.0,1,5,10,0
1.0,0,4,1,1
2.68527197818E-9,0,6,7,1
7.845748E-14,0,2,4,0
2.068003005259204E-5,0,4,11,0
0.0,0,3,11,0
3.696709241172051E-4,0,9,11,1
3.196227E-14,0,1,11,0
2.300292786E-11,0,4,5,1
0.0028653295128939827,0,4,2,1
0.052313883299798795,0,11,10,1
0.0,1,6,5,0
4.819298E-14,1,6,6,0
0.0,1,2,3,0
3.2004808414726E-7,1,1,5,0
2.11570247933884E-6,0,4,1,1
1.0,0,5,6,1
0.0,1,7,7,0
0.22349570200573066,0,3,11,1
0.014326647564469915,0,7,4,1
0.0,1,10,5,0
0.0,1,11,12,0
0.0,1,10,4,0
1.78E-18,0,7,6,0
0.0,0,2,4,0
1.418655E-14,0,1,6,1
0.014326647564469915,0,11,10,1
2.793E-17,1,10,7,1
0.0,0,1,1,0
0.0,1,1,1,0
1.0,0,2,3,1
6.441E-17,1,4,3,0
0.0,1,1,1,0
0.017699115044247787,0,5,3,1
0.22349570200573066,0,7,4,1
5.340916852E-11,1,3,11,1
9.355251690458304E-5,0,6,4,0
0.23008849557522124,0,2,1,1
0.002877355371900827,0,11,11,0
6.7E-19,0,1,1,0
0.0,1,4,7,0
0.0,0,11,1,1
0.0,0,3,3,0
0.0,0,7,5,1
4.07333925278328E-6,0,5,12,1
0.01090909090909091,0,4,4,1
0.0,1,5,5,0
1.1475521E-13,0,3,5,0
0.017699115044247787,0,5,3,1
0.0020525283043653173,0,6,1,1
0.07163323782234957,0,2,2,0
0.0,1,3,6,1
1.0,0,4,1,1
0.22349570200573066,0,1,12,1
4.0229554765560223E-4,0,9,10,1
0.22349570200573066,0,7,12,1
0.0,1,10,3,0
1.692561983471074E-5,0,6,5,1
1.0,0,6,5,1
0.0,0,6,1,0
0.0,1,1,5,0
7.26825515967E-9,0,6,9,1
4.83459461E-12,0,3,7,1
0.0,0,4,10,1
0.0,1,10,1,0
0.0,0,3,6,1
0.0,0,11,2,1
4.1654E-16,1,10,6,1
0.22545454545454546,0,4,1,1
0.0,1,1,10,0
0.0,1,4,4,0
0.0,1,4,2,0
0.11636363636363636,0,3,10,1
0.0,1,5,5,0
2.4205317454E-10,0,3,10,1
0.0,1,1,10,0
0.0,1,4,3,0
4.61607813673929E-6,0,5,6,1
5.8750085376682E-7,0,3,3,1
3.3395E-16,0,1,4,1
4.289010561872E-8,0,6,6,0
4.289010561872E-8,0,1,1,0
5.2900509776E-10,0,3,5,1
0.025787965616045846,0,11,2,1
0.0,1,4,3,0
3.8082644628099E-7,1,1,3,0
7.11108E-15,1,9,5,0
0.08022922636103152,0,3,3,1
4.6797645339529233E-4,0,5,6,1
0.0,1,12,7,0
7.611058706362926E-4,0,6,1,1
7.933884297520661E-4,0,10,3,1
6.0E-20,0,11,10,0
3.662342985E-11,0,10,11,0
2.009049E-14,1,10,10,0
0.0,1,7,10,0
3.7446E-16,1,10,11,0
6.0E-20,0,3,3,0
1.8743198E-13,1,4,1,0
5.840562181881E-8,0,9,10,1
0.0,1,7,10,1
0.035398230088495575,0,6,5,1
0.0,0,2,2,0
0.0,1,7,5,0
1.952604E-14,0,4,2,0
0.0,1,4,3,0
0.0,1,1,1,1
1.4832604747131E-7,0,3,3,1
1.0,0,3,10,1
0.0,0,11,3,1
0.0,0,7,7,0
1.0,0,5,6,1
1.9676033057851243E-4,1,11,10,0
2.3308E-16,0,3,10,1
4.9541512372E-10,0,1,2,0
0.0,1,10,1,0
0.0,1,10,1,0
2.234844572088311E-5,0,4,1,1
4.1942679E-13,0,6,10,1
2.075468869E-11,1,7,10,1
0.0,1,10,10,0
2.30541861120689E-5,0,7,4,1
8.941289E-14,0,2,6,1
8.728584113107E-7,0,4,6,1
2.300292786E-11,0,2,1,1
0.06876790830945559,0,7,4,1
2.776859504132232E-4,1,5,6,1
1.0,0,6,5,1
4.926067930476762E-4,0,3,11,1
5.289256198347107E-5,0,4,3,1
0.0016217373797298073,0,3,6,1
0.0,1,10,12,0
0.0036363636363636364,0,5,6,1
0.0012874024833103247,0,3,1,1
0.0,0,1,6,0
0.0,1,6,5,0
8.354179E-14,1,3,4,0
0.0,1,5,3,0
4.61607813673929E-6,0,10,1,1
1.3757E-15,0,3,6,1
0.0,1,2,5,0
1.0,0,10,10,1
0.06181818181818182,0,10,3,1
1.0,0,3,10,1
0.0,1,6,11,0
0.22349570200573066,0,4,11,1
0.0,1,5,1,0
0.0,1,10,7,0
0.0,0,1,3,0
0.0,1,11,3,0
0.0,1,6,4,0
0.0,1,4,2,0
0.0,1,6,10,0
1.0,0,7,9,1
4.954297546124193E-5,0,9,5,1
0.0,0,2,2,0
0.0,0,1,1,0
0.2052313883299799,0,1,3,1
0.0012469181284892454,0,1,2,1
0.0,1,5,4,0
5.289256198347107E-5,0,1,11,1
0.0,1,4,4,0
0.0,1,4,7,0
0.0,1,1,4,0
0.10663983903420524,0,10,4,1
0.0,1,5,4,0
0.10909090909090909,0,11,4,1
0.007272727272727273,0,1,11,1
6.1635E-16,0,6,2,1
0.0,0,3,5,1
0.028055657891008015,0,4,4,1
0.01818181818181818,0,3,11,1
0.0,1,10,5,0
7.72561135E-12,0,5,7,1
8.941289E-14,0,4,3,1
0.025787965616045846,0,3,3,1
1.0,0,6,5,1
0.025787965616045846,0,1,1,1
0.0,0,10,1,0
0.0,1,10,5,0
1.06799E-15,0,6,4,0
0.11636363636363636,0,4,1,1
3.71297E-15,0,4,3,0
7.990567E-14,0,7,4,0
6.12194771403E-9,0,2,4,1
2.9556407582860566E-4,0,6,10,1
1.0,0,6,4,1
9.485150857536917E-5,0,7,6,1
1.6467275794335E-7,0,4,1,1
9.9469E-16,1,1,2,0
1.23361E-15,0,6,4,1
0.0,1,4,4,0
0.0,1,10,4,0
1.0,0,7,10,1
0.0,1,6,7,0
0.0,1,3,9,0
1.9704271721907046E-4,0,3,3,1
0.0,1,11,9,0
0.0,1,5,6,0
0.04,0,1,11,1
2.0E-20,1,10,3,0
0.0,1,3,11,1
5.2900509776E-10,0,4,5,1
0.0,0,2,6,1
3.510022902E-11,0,1,1,1
0.0,1,4,4,0
5.257664805396E-8,0,7,3,1
6.3181E-16,0,11,4,1
2.097944389692E-8,0,6,2,1
0.0,1,3,2,0
0.0,1,3,6,0
7.06543174286642E-6,0,5,1,1
7.827287814E-11,0,4,3,0
0.0,0,2,2,0
0.0,0,10,4,1
0.0,1,6,5,0
2.35246797061927E-6,0,3,11,1
2.2590806638891E-7,0,6,6,0
5.257664805396E-8,0,9,1,1
1.0302738828511313E-4,0,2,10,1
5.911281516572113E-4,0,11,3,1
0.061946902654867256,0,5,5,1
3.275E-17,0,1,4,1
0.012072434607645875,0,10,2,1
7.331170893153E-8,0,12,4,1
0.0,1,10,7,1
0.025787965616045846,0,3,3,1
1.3E-19,1,6,5,0
0.04,0,5,2,1
0.0012694214876033058,0,3,7,1
0.06876790830945559,0,11,2,1
0.0,1,5,5,0
0.054441260744985676,0,1,10,1
1.9E-19,0,4,6,1
2.776859504132232E-4,0,3,10,1
0.0,1,7,7,0
0.0036363636363636364,0,10,3,1
0.0,1,4,5,0
4.0465E-16,0,6,3,0
0.0,1,2,1,0
1.0,0,1,4,1
0.031796412276475755,0,4,1,1
0.08022922636103152,0,2,5,0
1.69102E-15,0,12,5,0
0.0,1,4,11,0
0.00400795112728686,0,11,2,1
0.0,0,4,2,1
1.0,0,6,5,1
0.0,0,3,10,1
0.11636363636363636,0,4,1,1
9.362662273E-11,0,10,3,0
1.0,0,6,5,1
0.0,1,6,5,0
0.0,1,6,2,0
1.0566E-16,0,1,6,1
0.0,1,6,10,0
3.354E-17,0,1,11,0
8.0E-20,0,5,10,1
0.0,1,7,9,0
2.075468869E-11,1,2,3,1
5.3E-19,0,4,10,0
2.79257E-15,0,11,1,1
0.010888252148997135,0,5,5,0
0.0,1,11,4,0
1.1540195341848E-7,0,11,10,0
0.0,1,9,10,0
0.0,1,1,4,0
9.1E-19,0,4,2,1
0.0,1,4,1,0
3.3641638168E-10,1,6,5,0
4.54262239186172E-6,0,9,9,0
0.0,1,2,6,0
0.008380261447963434,0,4,4,1
2.21E-18,0,5,6,1
1.30928761696605E-6,0,12,12,1
0.0,0,6,6,1
0.0,1,5,1,0
0.08022922636103152,0,4,4,1
0.0,1,2,6,0
0.0,1,6,4,0
0.0,1,12,5,0
7.359824732153E-8,0,2,3,1
1.0,0,1,10,1
0.0,0,6,3,0
0.02890582934225069,0,1,4,1
4.6797645339529233E-4,0,7,4,1
0.004024144869215292,0,5,6,1
0.0,1,10,7,0
0.0,1,5,6,0
0.0,0,1,10,1
7.287556E-14,0,2,11,1
0.0,1,6,4,0
0.21238938053097345,0,10,10,1
0.0,1,7,10,0
2.793E-17,1,3,2,1
2.0E-20,0,2,10,0
0.09454545454545454,0,4,3,1
1.0,0,3,7,1
0.0,1,11,10,0
1.0,0,1,4,1
0.0,0,1,1,0
7.09E-18,1,3,12,1
0.0,1,5,7,0
0.0,1,11,2,1
0.0,1,12,7,0
4.4958677685950416E-4,0,1,4,1
0.0,1,4,1,0
2.0605477657022626E-4,0,10,6,0
5.66518680418E-8,0,5,6,1
5.945E-17,1,1,12,0
0.0,1,1,1,0
0.0,1,4,2,0
0.22545454545454546,0,2,6,1
0.0014096640300728326,0,4,10,1
5.5E-19,1,6,11,0
1.3757E-15,0,1,10,1
0.0,1,2,1,0
4.36984106E-12,1,2,10,0
3.20093E-15,0,5,10,1
6.896495102667467E-4,0,6,11,1
0.0,1,1,5,0
0.0,1,1,11,0
1.0E-20,1,1,11,0
4.529680447725E-8,0,3,4,1
0.0,1,4,10,0
3.78E-18,0,4,2,0
0.10663983903420524,0,5,4,1
0.07163323782234957,0,7,7,0
2.28054E-15,0,5,6,0
0.0,1,2,11,0
0.0,0,2,1,1
0.0,0,5,5,0
0.0,0,2,6,1
0.002012072434607646,0,4,1,1
1.0,0,4,1,1
0.014326647564469915,0,9,3,1
5.0E-20,0,4,4,0
0.0,0,5,1,1
0.025787965616045846,0,10,4,1
0.11636363636363636,0,10,10,0
1.638982985E-11,0,10,4,1
6.08109554E-12,1,4,11,0
0.014326647564469915,0,7,9,1
0.0,0,6,1,0
2.464822E-14,0,1,1,1
0.026234710743801654,0,1,12,1
2.999396662539575E-5,0,2,2,1
0.11636363636363636,0,5,6,1
0.0,1,6,1,0
0.0,0,1,3,0
0.0,1,3,4,0
2.873539626111444E-4,0,5,4,0
4.99871317E-12,0,10,4,1
0.0,1,12,4,0
0.0,1,11,2,0
1.0,0,3,2,1
0.0,0,4,5,0
0.0,1,3,2,1
0.0,1,3,2,1
1.286347107438017E-5,0,4,3,0
0.0,1,10,3,0
6.611570247933885E-5,0,5,12,1
0.1592920353982301,0,4,5,1
0.0,1,1,4,0
1.82719759579264E-6,0,1,2,1
0.0,1,10,4,0
0.0,0,3,5,1
3.0E-19,0,3,10,0
3.275E-17,0,5,6,1
5.5E-19,0,4,4,1
0.0,1,1,4,0
0.0,1,7,3,0
0.16045845272206305,0,1,1,1
0.2052313883299799,0,4,6,1
0.0,1,11,6,0
0.0,1,10,1,0
2.3308E-16,0,1,4,1
0.22349570200573066,0,3,9,1
0.0,1,6,1,0
0.0,0,11,2,0
3.228512E-14,0,10,2,1
0.0,0,10,1,0
0.07163323782234957,0,1,6,0
9.46105271E-10,0,1,4,1
4.105056608730635E-5,0,10,2,0
0.0,1,3,3,0
0.0,0,5,5,0
0.08022922636103152,0,4,10,1
6.122465268744E-8,0,4,4,1
0.0,0,3,1,1
0.0,1,6,2,0
6.41833810888252E-6,1,2,7,0
5.911281516572113E-4,0,9,10,1
8.145454545454546E-5,0,5,2,0
0.0,1,1,1,0
0.0,1,7,10,1
0.011424793388429751,0,3,11,1
0.0,1,5,5,0
8.0E-20,0,2,10,1
8.702584135019E-8,0,4,3,1
0.0,1,11,10,0
0.04,0,2,3,1
0.0,1,4,10,0
8.206015E-14,0,4,6,0
0.018913480885311872,0,10,1,0
0.0,1,4,6,0
9.852135860953521E-4,0,7,7,0
4.02857728297247E-6,0,4,7,1
5.22983E-15,0,3,6,1
1.0,0,1,10,1
0.0,1,1,5,0
1.1662999E-13,0,1,4,1
0.034383954154727794,0,4,3,1
7.062599549211E-8,0,2,2,0
3.0E-20,0,6,10,1
1.0,0,10,11,1
1.0,0,6,5,1
4.07333925278328E-6,0,5,2,1
0.0,1,10,1,0
7.969112E-14,0,5,2,0
0.0,1,5,10,0
0.0011494158504445778,0,5,9,0
0.0,1,5,7,0
0.0,1,2,6,0
2.11570247933884E-6,0,6,5,1
0.09818181818181818,0,3,4,0
0.2052313883299799,0,10,1,1
4.47E-18,0,6,2,1
0.06876790830945559,0,7,9,1
0.0,1,2,1,0
0.0,1,1,6,0
0.0,1,4,4,0
0.0,1,2,1,0
0.010155371900826446,0,11,4,0
1.0,0,5,6,1
0.0,1,1,1,0
0.0,1,11,11,1
0.0,1,4,5,0
0.0,1,10,2,0
1.0,0,4,1,1
0.0,0,4,5,0
0.02865329512893983,0,5,3,0
0.0,1,7,10,0
3.21086E-15,0,2,10,1
0.09818181818181818,0,3,4,1
9.82573329E-12,0,6,9,0
0.0,0,6,5,0
2.99442914E-12,0,3,5,0
1.888395601393E-8,0,5,6,1
0.0,1,11,1,0
4.0229554765560223E-4,0,11,3,1
1.088297725E-11,0,2,10,0
0.0,1,7,5,0
5.44920620699E-9,0,2,1,1
1.586776859504132E-5,1,2,2,0
0.0,1,2,4,0
0.0,1,2,3,0
0.0,0,2,10,0
0.0,1,1,1,0
0.0,1,11,11,0
0.0,1,12,12,0
0.0,1,11,2,0
0.11636363636363636,0,3,3,0
0.02865329512893983,0,10,9,1
4.36984106E-12,1,4,10,0
0.0,1,12,6,0
0.0,0,1,4,0
1.620475537003E-8,0,7,10,1
0.0,0,10,10,0
9.27037796696E-9,0,10,2,1
3.43480680696E-9,0,11,6,1
0.0,1,5,1,0
0.0,1,5,5,0
4.4958677685950416E-4,0,1,10,1
0.0,1,2,6,0
0.0028653295128939827,0,6,4,1
0.025787965616045846,0,2,3,1
0.0,1,10,2,0
3.1E-19,0,7,4,1
0.0,1,1,3,0
9.46105271E-10,0,5,6,1
2.15944409E-12,0,6,2,0
6.1635E-16,0,1,5,1
8.941289E-14,0,3,10,1
0.07964601769911504,0,3,2,1
0.21238938053097345,0,5,5,1
0.0,0,7,7,0
4.2784523E-13,0,4,5,1
0.0,1,5,4,0
0.0,1,2,11,1
0.0,1,5,1,0
4.3172450815236E-7,0,5,6,1
1.5811009E-13,1,6,5,0
0.02255462448116532,0,1,1,1
1.0,0,5,6,1
3.4589E-16,1,10,4,0
0.0,1,1,2,0
1.0,0,5,6,1
0.10663983903420524,0,5,4,1
3.849767E-14,0,3,5,0
0.061946902654867256,0,2,3,1
6.483066699E-11,0,7,2,1
1.3000829283E-10,0,11,3,0
9.4098718824771E-7,0,5,6,1
0.0,0,1,10,0
1.0,0,10,3,1
0.0,1,3,10,0
0.0,1,2,2,0
0.0,1,10,5,0
7.933884297520661E-4,0,5,6,1
1.0,0,6,5,1
7.359824732153E-8,0,5,6,1
8.842514368482E-8,0,4,1,1
0.0,1,3,6,0
0.002012072434607646,0,2,2,1
1.0,0,2,11,1
0.0,1,7,6,0
0.0,1,5,5,1
1.87609603371E-9,0,6,2,1
1.0E-20,0,6,1,0
1.416296701045E-8,0,3,10,1
0.0,0,7,7,0
5.66518680418E-8,0,10,3,1
0.0,0,3,5,0
0.025787965616045846,0,1,1,1
0.0,1,10,4,0
0.0,1,5,4,0
0.0028653295128939827,0,6,3,1
0.0,1,4,7,0
1.0,0,5,6,1
0.11636363636363636,0,1,2,1
0.0,1,10,4,0
0.0,1,10,1,0
0.16045845272206305,0,6,6,0
1.68294515401953E-6,0,7,7,1
0.04104627766599598,0,11,1,0
0.09454545454545454,0,1,4,1
7.509077762217E-8,1,10,6,0
3.43480680696E-9,0,7,4,1
0.0,1,1,7,0
0.0,1,3,6,0
0.0018946678056265159,0,6,4,1
0.14084507042253522,0,1,4,1
1.0094394E-13,1,3,3,0
7.09E-18,1,10,2,1
3.1172953212231134E-4,0,6,4,1
1.0,0,3,1,1
7.794E-17,0,7,4,1
0.0014096640300728326,0,6,10,1
9.06849547992179E-6,0,4,6,0
3.0E-20,0,6,3,1
0.0,1,1,11,0
0.05157593123209169,0,9,3,1
0.0,1,6,6,0
6.905041454E-11,0,7,10,0
4.834594611E-11,0,7,3,1
0.0,1,3,1,0
0.03209169054441261,0,10,10,0
0.0,1,4,10,0
0.0,1,10,2,1
0.16045845272206305,0,1,1,1
0.0,1,12,12,0
5.8884668381E-10,0,10,1,1
0.0,1,2,4,1
0.0,1,1,3,0
0.0,1,7,4,1
0.0,1,3,5,0
1.0,0,6,5,1
0.0,1,2,7,0
0.0020525283043653173,0,6,1,1
0.10619469026548672,0,4,5,1
3.57943757E-12,0,11,2,1
1.0,0,1,3,1
0.010155371900826446,0,6,5,1
0.18584070796460178,0,5,3,1
0.04,0,5,2,1
2.24131275E-12,0,1,11,1
0.16045845272206305,0,10,10,0
4.6678461E-13,0,2,7,1
4.4177818E-13,0,2,3,0
0.0,0,1,10,1
1.0,0,10,11,1
0.0,1,5,11,0
8.728584113107E-7,0,2,3,1
1.0,0,7,9,1
0.0,1,5,10,0
0.0,1,2,5,0
5.289256198347107E-5,0,5,6,1
1.05E-18,0,4,10,1
2.793E-17,1,6,5,1
0.0,1,6,3,0
0.0,1,4,3,0
4.9541512372E-10,0,1,12,0
1.0,0,9,11,1
9.6E-19,1,1,4,0
0.0,1,11,3,1
8.17678705463E-9,0,6,6,1
0.0,0,11,3,1
1.1046081767E-10,0,7,9,0
1.430602728328E-8,0,4,7,1
1.0,0,1,10,1
0.0,1,10,7,1
0.0,0,2,2,1
2.6422044705684E-7,0,6,5,1
0.0,1,4,3,0
4.1378970616004804E-4,0,3,10,0
1.82719759579264E-6,0,6,5,1
0.10663983903420524,0,5,4,1
0.0,1,2,6,0
4.834594611E-11,0,9,1,1
2.6E-19,0,1,11,1
3.8285003553133E-7,0,1,10,1
0.0,1,7,11,0
5.2900509776E-10,0,2,1,1
0.0,1,3,3,0
0.0,0,7,3,0
0.02255462448116532,0,3,3,1
0.02890582934225069,0,2,1,1
0.11636363636363636,0,3,11,1
1.0,0,3,10,1
0.0,1,6,1,0
1.0012392312E-10,0,3,9,0
0.0,1,10,6,0
0.0,1,10,1,0
3.324278712773139E-5,0,6,4,0
1.0,0,3,10,1
1.0275580095664991E-4,0,4,11,1
0.10909090909090909,0,9,4,1
0.0,0,7,6,1
0.0,1,2,7,0
1.68294515401953E-6,0,10,10,1
0.0,0,3,12,0
7.06543174286642E-6,0,2,5,1
0.09454545454545454,0,6,5,1
0.0,0,2,4,0
6.28E-18,0,1,6,0
5.3847E-16,0,6,5,0
0.0,1,10,10,0
0.23008849557522124,0,6,1,1
0.0,1,11,2,0
0.0,1,2,4,0
7.19275E-15,0,2,5,0
0.0,1,3,3,0
0.0,1,5,12,0
0.0,0,3,12,0
0.0,0,1,5,0
0.0,1,3,3,0
0.0,1,3,1,0
0.09818181818181818,0,3,10,1
5.6E-19,1,6,4,0
6.01743298707E-9,0,1,4,1
5.948E-17,0,6,1,1
0.0,1,3,5,0
7.72561135E-12,0,2,11,1
1.0275580095664991E-4,0,3,9,1
1.0,0,4,1,1
0.0,1,4,12,0
0.0012694214876033058,0,6,4,1
1.3926059198639E-7,0,4,3,1
0.0,1,7,3,0
0.0,1,1,10,0
4.954297546124193E-5,0,11,5,1
0.025787965616045846,0,1,1,1
0.0,0,2,5,0
5.01629956E-12,0,2,1,1
3.9594385E-13,0,5,7,1
1.17080527286388E-6,0,2,10,1
0.0012694214876033058,0,1,3,1
1.7E-19,1,2,1,0
0.0,0,3,4,0
0.01090909090909091,1,1,10,0
0.0,1,3,1,0
0.0,1,6,4,0
1.0,0,6,5,1
1.1290003175455942E-4,0,6,6,0
5.821621363132642E-5,0,5,6,1
7.2702E-15,0,2,4,1
2.885048835462059E-5,0,6,2,1
0.0,1,1,10,0
9.483243E-14,0,6,6,0
0.0,1,1,3,1
0.12363636363636364,0,1,1,0
0.0,1,10,11,0
0.0,1,5,1,0
0.0,1,2,11,0
0.0,0,4,3,1
0.02909090909090909,0,5,6,1
1.0,0,6,5,1
0.16045845272206305,0,10,10,0
0.21238938053097345,0,10,10,1
0.0,0,2,10,1
1.692561983471074E-5,0,1,2,1
0.0,1,4,4,0
0.0,1,3,10,0
6.6288726524E-10,0,3,4,1
4.6797645339529233E-4,0,11,6,1
0.0,1,2,3,0
1.0E-20,1,2,4,0
6.7338996366E-10,0,6,9,1
0.0,0,4,4,0
0.0,1,1,5,0
1.0,0,6,5,1
1.0,0,10,1,1
0.0028339048374755576,0,2,2,1
1.692561983471074E-5,0,3,1,1
1.0E-20,1,5,6,0
0.02909090909090909,0,3,3,1
0.0,0,10,4,1
0.0,0,4,5,1
0.0,1,11,2,0
0.0,1,4,4,0
7.2048642E-13,0,10,7,1
0.11636363636363636,0,1,4,1
6.1635E-16,0,1,5,1
2.30541861120689E-5,0,11,6,1
0.22545454545454546,0,4,6,1
0.0,1,4,3,0
0.0,0,1,11,1
1.7194416E-13,1,10,4,1
0.0,1,4,4,0
3.1E-19,0,11,3,1
0.0,1,12,1,0
0.0,1,3,4,0
0.0,1,3,5,0
1.0,0,10,1,1
0.0,1,11,11,1
9.599925689E-11,0,7,7,0
1.3926059198639E-7,0,2,6,1
0.0,1,4,4,1
1.0,0,2,11,1
0.0,1,5,6,1
0.0,1,4,1,0
0.0,1,2,5,0
0.0,1,5,6,0
2.5E-19,0,5,3,1
3.7872822894611E-6,0,7,4,1
0.0,1,9,7,0
0.054441260744985676,0,11,2,1
8.316601947332346E-5,0,5,6,1
1.0,0,4,1,1
6.06653631392E-9,0,11,2,1
1.0,0,6,5,1
2.982648E-14,0,2,1,1
0.0,1,5,10,0
3.1E-19,0,10,4,1
0.0,1,3,2,1
0.0,1,1,4,0
0.0,1,11,10,0
0.0,1,4,11,0
1.5384E-16,0,3,4,0
0.0,0,5,4,1
0.0,1,11,4,0
0.0,1,3,3,0
3.0E-20,0,4,6,1
0.0,0,4,6,0
0.06876790830945559,0,11,6,1
0.0,1,1,7,0
0.0,1,3,10,0
4.6678461E-13,0,4,11,1
9.870550087379E-8,0,7,1,1
0.0,1,7,9,0
0.0,1,4,5,0
0.0,1,5,5,0
0.22349570200573066,0,12,1,1
5.22983E-15,0,1,3,1
0.025787965616045846,0,3,3,1
1.0,0,5,6,1
0.014326647564469915,0,11,6,1
8.316601947332346E-5,0,1,4,1
0.0,0,12,1,0
0.0,1,3,4,0
0.0,1,11,4,0
0.0,0,11,5,0
3.574E-17,0,10,6,1
0.0,1,3,4,0
0.0,1,2,2,0
0.0,1,6,5,1
4.88821056684E-9,0,10,9,1
0.0,1,5,6,0
0.0,1,2,3,0
0.11636363636363636,0,7,7,0
0.0,1,4,6,0
0.0,1,10,10,0
9.3372077E-13,0,2,1,0
0.1592920353982301,0,2,6,1
0.0,1,6,5,0
0.0,1,3,10,0
0.0,1,5,5,0
0.034383954154727794,0,7,3,1
0.0,1,10,10,0
1.1662999E-13,0,1,10,1
0.1592920353982301,0,6,2,1
0.034383954154727794,0,6,4,1
0.0,1,5,2,0
0.026234710743801654,0,1,12,1
0.0,1,7,9,0
0.0,1,7,5,0
0.0,1,4,2,0
1.976073095320191E-5,0,3,9,1
8.46E-18,0,6,2,1
0.0,0,11,11,1
0.02909090909090909,0,1,12,1
0.0,0,9,1,1
1.0,0,6,5,1
7.2048642E-13,0,7,8,1
1.0,0,6,5,1
5.289256198347107E-5,0,10,1,1
0.0,1,1,2,0
0.0,0,10,6,0
2.2167305687145427E-4,0,6,6,1
2.3308E-16,0,1,10,1
0.0,0,7,7,1
3.7872822894611E-6,0,10,3,1
0.0,1,6,5,0
0.0,1,7,7,0
0.0,1,2,5,0
0.0,1,4,4,0
0.0,1,6,7,0
0.0,1,5,3,0
0.0,0,1,12,1
1.74711209267576E-6,1,6,10,0
0.2052313883299799,0,6,6,1
0.0,1,4,4,0
0.0,0,11,1,0
0.010155371900826446,0,3,7,1
0.0,1,5,6,1
0.0,0,11,3,1
1.4778203791430283E-4,0,11,11,1
0.014326647564469915,0,11,4,1
0.017699115044247787,0,6,1,1
0.0,1,4,11,0
0.0,0,10,2,0
1.0,0,3,10,1
1.592E-17,0,6,3,0
1.0,0,6,5,1
5.44219135E-12,0,5,10,0
1.17080527286388E-6,0,5,7,1
0.0,1,4,4,0
0.02909090909090909,0,1,7,1
0.0,1,2,6,1
1.0,0,1,4,1
0.0,1,2,1,0
0.0,1,11,5,0
1.0,0,4,1,1
6.315559352088385E-4,0,2,2,1
0.0,1,7,3,0
4.4747172465E-10,0,4,1,1
3.0E-20,0,1,7,1
1.0,0,10,6,1
1.0,0,6,5,1
0.0,1,6,3,0
0.0,1,7,7,0
2.5E-19,0,5,10,1
0.0,1,12,12,0
0.22545454545454546,0,1,3,1
0.0,1,1,11,0
9.870550087379E-8,0,11,5,1
2.853531809E-11,0,4,1,0
2.0E-20,0,6,7,1
0.22349570200573066,0,2,7,1
4.0E-20,0,3,4,1
0.02909090909090909,0,12,1,1
9.14289E-15,1,6,1,0
0.2052313883299799,0,10,10,1
0.11636363636363636,0,3,2,1
1.7142724444E-10,0,7,7,0
0.0,0,10,2,0
6.080626875385E-8,0,2,3,1
0.0,1,11,1,0
0.18108651911468812,0,1,1,1
0.0020525283043653173,0,4,3,1
3.7245606435393046E-4,0,2,4,1
0.0,0,6,6,0
7.4259E-16,0,10,2,0
1.0,0,6,5,1
4.6797645339529233E-4,0,1,4,1
0.0,1,4,11,0
1.1702338514892E-7,0,2,1,1
0.0,1,4,11,0
0.0,1,7,7,0
0.0,1,2,2,0
0.0,1,3,2,0
3.1172953212231134E-4,0,4,4,1
0.01818181818181818,0,7,9,1
2.5958054142E-10,0,7,1,0
4.0E-20,0,7,4,1
0.0,0,9,6,1
0.0,1,7,1,1
2.885048835462059E-5,0,1,5,1
1.0,0,1,4,1
0.09454545454545454,0,10,4,1
7.794E-17,0,6,2,1
0.23008849557522124,0,6,3,1
0.22545454545454546,0,6,10,1
0.010155371900826446,0,4,1,1
3.0E-20,1,7,10,0
0.0,1,11,2,0
1.29573E-15,0,11,10,0
0.07163323782234957,0,11,7,1
1.6623248E-13,0,9,9,1
0.22545454545454546,0,5,1,1
0.0,0,6,11,0
1.0,0,10,11,0
4.4958677685950416E-4,0,3,10,1
5.340916852E-11,1,1,2,1
0.0,1,4,3,0
0.0,1,2,5,0
1.9618332081142E-5,0,3,3,1
0.0,1,1,5,0
2.7178082686352E-7,0,6,7,1
0.0,1,1,1,0
0.0,1,3,9,0
4.42640373351723E-6,0,2,1,0
9.0826106E-12,0,3,2,0
0.0,1,2,4,0
0.0016396694214876033,0,6,3,1
0.0,1,4,5,0
2.270652650403E-8,0,6,10,1
1.6467275794335E-7,0,6,5,1
1.85985E-15,0,7,10,1
0.0,0,1,10,0
0.010155371900826446,0,6,5,1
0.0,1,5,6,0
9.08860585E-11,0,6,1,1
2.64953690357491E-6,0,4,2,1
0.0,1,12,7,0
0.0,1,6,3,0
2.270652650403E-8,0,4,6,1
0.0,1,3,11,0
1.0,0,1,4,1
1.0566E-16,0,1,6,1
0.0,1,10,10,0
0.0,1,5,1,0
5.394408126321E-8,0,11,4,1
0.0,1,3,6,0
0.16045845272206305,0,1,1,1
4.91E-18,1,11,2,0
1.7E-19,0,11,3,1
1.1461318051575933E-4,0,4,6,0
0.11636363636363636,0,11,11,0
9.46105271E-10,0,2,1,1
2.371287714384229E-5,0,5,6,1
1.0,0,10,3,1
0.02865329512893983,0,3,11,1
0.0,1,5,6,0
4.8195E-16,1,10,4,0
0.0,1,6,5,1
4.453409069E-11,0,1,4,0
1.2778E-16,0,4,1,0
7.09E-18,1,6,11,1
1.0,0,4,1,1
1.0E-18,0,2,6,1
4.105056608730635E-5,0,5,6,1
0.09818181818181818,0,4,7,1
1.27033270413441E-6,0,6,6,1
2.797259186256E-8,0,5,1,1
0.0,1,11,11,1
6.5256293179E-10,0,10,2,0
0.0,1,7,9,0
0.0,1,11,11,0
0.0,1,2,2,0
9.4098718824771E-7,0,5,6,1
0.0,1,11,4,0
7.2048642E-13,0,6,5,1
8.0E-20,0,3,7,0
0.002298831700889155,0,4,4,0
0.0,1,2,2,0
0.0,1,3,2,0
0.0,1,10,3,0
0.0,1,7,2,0
6.896495102667467E-4,0,4,7,1
0.06876790830945559,0,7,2,1
1.295004479326E-8,0,7,4,0
2.8614366652E-10,0,11,11,1
0.10663983903420524,0,5,4,1
0.10462776659959759,0,4,3,1
0.0,0,7,4,1
0.02909090909090909,0,3,11,1
0.0,1,3,1,0
0.0,1,4,10,0
0.0,1,1,1,1
0.0,0,3,3,0
0.0016396694214876033,0,10,1,1
0.0,1,10,10,0
0.0,1,2,3,0
0.2052313883299799,0,1,10,1
0.0,1,10,2,0
0.05090909090909091,0,5,7,1
0.04871060171919771,0,3,11,1
3.9594385E-13,0,2,11,1
0.2052313883299799,0,2,2,1
0.025787965616045846,0,3,3,1
1.416296701045E-8,0,6,5,1
4.61607813673929E-6,0,5,6,1
0.0,0,5,6,0
0.0,1,10,10,0
0.0,1,5,2,0
0.0,0,2,4,0
1.15E-18,0,5,5,0
0.0,1,2,5,0
0.0,0,10,1,1
0.010155371900826446,0,6,9,1
0.0,0,3,4,1
0.0,0,6,6,1
4.325E-17,1,7,6,0
8.438038236E-11,0,2,5,0
0.0,1,11,2,0
0.0036945509478575706,0,10,10,0
0.11636363636363636,0,3,1,1
2.8401511E-13,0,1,6,1
1.1662999E-13,0,3,10,1
0.0,0,4,10,1
1.0,0,5,6,1
0.0,1,1,6,0
1.0,0,5,6,1
1.21E-17,1,5,7,0
0.0,0,6,6,1
2.77642811525E-9,0,4,3,1
0.0,0,11,5,1
0.0,0,11,3,0
0.0,1,10,2,0
1.0,0,1,4,1
0.0,0,3,5,0
0.0,1,4,4,0
0.0,1,3,6,0
1.0,0,4,1,1
0.2,0,2,10,0
0.0012694214876033058,0,11,6,1
0.11636363636363636,0,4,6,1
1.0,0,4,1,1
0.0,1,7,5,0
0.0,1,7,4,0
0.0,1,4,11,0
0.0,1,2,3,1
3.36829832111381E-6,1,4,10,0
0.014326647564469915,0,5,7,1
0.0,1,6,3,0
3.257890202834991E-4,0,4,5,0
0.0,1,6,5,0
1.7323E-16,0,5,4,0
0.0,1,7,7,0
0.0,0,10,7,0
4.41375686570718E-5,0,2,2,0
0.0,1,1,5,0
5.840562181881E-8,0,7,6,1
1.85985E-15,0,10,11,1
0.10462776659959759,0,3,4,1
0.06876790830945559,0,2,11,1
0.0,0,10,2,0
0.0,1,3,3,0
2.24131275E-12,0,3,7,1
0.0,1,1,9,0
0.0,1,7,5,0
0.0,1,6,4,0
0.0,1,10,4,0
3.1460558711E-10,0,2,6,1
0.0,1,10,2,0
0.01940819970122546,0,3,3,1
0.0,1,10,4,0
1.0,0,11,10,0
6.01743298707E-9,0,1,10,1
5.3674007E-13,0,7,11,1
0.0,0,10,4,0
1.8995054316E-10,0,11,10,0
0.0,0,11,2,1
0.0,1,4,6,0
1.674044265593562E-4,0,4,5,0
1.0,0,2,3,1
0.0,0,4,4,1
4.51738526E-12,1,10,3,0
0.0012613512953454059,0,6,1,1
0.22349570200573066,0,9,6,1
0.007272727272727273,0,1,9,1
0.0,1,1,6,1
1.6E-19,0,5,4,0
0.05157593123209169,0,7,2,1
1.0,0,1,4,1
0.0,1,10,3,0
1.0,0,1,4,1
0.0,1,3,4,0
0.0,1,5,6,0
0.0,1,11,3,0
0.0,1,9,10,0
1.0,0,6,5,1
0.0,1,5,5,0
0.07163323782234957,0,7,7,0
0.0,0,3,12,0
0.0,0,2,10,1
1.3757E-15,0,6,7,1
0.0,1,12,4,0
0.0,1,6,6,1
0.11636363636363636,0,2,3,1
1.84646184138553E-5,0,1,2,1
5.606E-17,0,5,4,1
0.0,1,2,11,1
4.105056608730635E-5,0,1,4,1
0.2,0,4,3,0
1.137592697388E-8,0,5,1,0
0.02909090909090909,0,4,4,1
0.0,1,2,7,0
0.0,1,3,4,0
8.00120210368144E-6,0,1,3,0
1.239954935E-11,0,1,4,1
7.7686063E-13,0,6,5,1
0.04247787610619469,0,1,6,0
3.26972201352367E-6,0,3,3,0
8.07813673929376E-6,0,1,10,0
2.35246797061927E-6,0,1,2,1
0.0,1,7,4,0
0.0,0,11,2,1
0.0,0,10,7,0
5.818181818181818E-4,0,6,5,1
5.289256198347107E-5,0,10,3,1
2.12763772E-12,0,6,6,1
1.843948917422E-8,0,12,2,0
1.616115894668E-8,0,10,2,0
8.19005344E-12,0,10,4,1
0.0,0,10,2,1
0.0,1,12,5,0
1.78787565767065E-6,0,4,10,1
0.0013487603305785125,0,7,7,0
0.0,1,3,2,0
0.0,1,1,7,0
0.06876790830945559,0,5,7,1
3.0E-20,1,10,7,0
0.0,0,2,1,0
3.3395E-16,0,5,6,1
0.0,1,6,12,0
0.028169014084507043,0,5,3,1
2.115702479338843E-4,0,5,6,1
0.0,1,2,5,0
9.809166040571E-7,1,6,6,0
3.348720253129396E-5,0,1,6,1
2.258000635091188E-5,0,5,10,1
0.031796412276475755,0,1,5,1
5.98223544881302E-4,0,10,10,1
0.0,1,6,6,0
0.0,1,3,2,0
0.0,0,10,9,1
0.0,0,7,12,1
1.074E-17,0,1,4,0
4.61607813673929E-6,0,4,1,1
0.0,1,3,3,0
6.0E-19,0,2,1,0
1.0,0,5,6,1
1.0,0,4,1,1
0.0,1,3,1,0
0.014545454545454545,0,3,3,1
2.2932649930025E-7,0,3,10,1
0.0,1,1,1,0
0.22545454545454546,0,2,3,1
0.0,1,2,12,0
0.0,1,2,11,0
4.8874472621021E-7,0,4,2,1
0.0,1,2,5,0
3.7872822894611E-6,0,3,4,1
7.11886835E-12,0,1,10,1
1.619374192843176E-5,0,10,11,0
0.0,1,10,10,0
0.0,1,7,7,0
0.0,1,10,6,0
0.007272727272727273,0,5,7,1
1.3848234410217882E-4,0,4,1,1
2.2813E-16,0,1,4,1
1.78E-18,0,5,4,0
0.08022922636103152,0,10,3,1
0.0,0,7,7,0
0.008849557522123894,0,1,6,1
0.0,0,10,11,0
2.4E-18,0,11,11,1
1.604E-17,0,1,4,1
0.04871060171919771,0,10,9,1
0.0,1,3,3,1
6.77510775538351E-6,0,11,6,1
0.0,1,4,5,0
0.0,1,12,12,0
0.0,1,1,4,0
8.582683222068833E-4,0,4,6,1
0.0,1,10,11,0
2.21E-18,0,10,3,1
6.70453371626493E-6,0,4,1,1
0.0,1,4,3,0
0.0,1,1,2,0
5.340916852E-11,1,6,3,1
0.025787965616045846,0,6,10,1
2.776859504132232E-4,1,10,3,1
0.04,0,2,3,1
3.597234664796E-8,0,6,6,0
0.02865329512893983,0,6,7,1
0.0,1,6,11,0
0.0,1,10,11,0
0.026234710743801654,0,1,2,1
1.580858476256153E-5,0,1,6,1
2.978909090909E-8,0,12,6,0
0.0,0,11,11,1
0.0,1,5,3,0
1.0,0,5,7,1
5.3714363772966E-7,0,10,7,1
0.0,1,4,1,0
0.0,0,6,5,0
0.0,1,4,4,0
0.0,0,2,2,0
0.0,1,6,1,0
7.26825515967E-9,0,6,11,1
0.0,1,5,1,0
0.0,0,2,1,0
0.0012694214876033058,0,2,10,1
4.4747172465E-10,0,4,6,1
5.80122E-15,0,1,9,1
1.976073095320191E-5,0,2,7,1
7.308790383171E-8,1,11,5,0
0.0,0,3,1,0
3.2045501115E-10,1,5,6,1
0.0,1,4,11,0
0.0,0,6,10,0
5.950413223140496E-4,0,1,7,1
0.0,1,10,3,0
6.7338996366E-10,0,6,11,1
0.0,0,2,5,1
1.51969430902005E-6,0,1,4,0
9.485150857536917E-5,0,11,3,1
0.0,1,7,4,0
0.0,0,6,6,0
4.0E-20,0,1,1,0
0.0,1,5,5,0
2.115973E-13,0,12,7,0
0.08727272727272728,0,6,1,0
0.0,1,1,2,0
0.09818181818181818,0,11,3,1
0.0,1,4,1,0
2.644628099173554E-4,0,7,5,1
0.0,0,4,6,1
4.47E-18,0,1,5,1
1.482375099E-11,1,4,5,0
0.0,1,11,2,0
1.0,0,5,6,1
1.0,0,10,3,1
0.0,1,5,2,0
0.04871060171919771,0,6,7,1
2.09E-18,0,6,3,1
2.758043252555E-8,0,5,5,1
9.152559572829943E-5,0,2,2,1
2.006886729E-11,0,11,4,0
2.0808766958E-10,0,4,11,0
1.5467293E-13,1,10,7,0
0.08022922636103152,0,10,6,1
0.007272727272727273,0,3,7,1
8.210113217461269E-5,0,2,2,1
0.0,1,1,12,0
0.0,0,1,3,0
0.0,1,5,7,0
0.0,1,5,4,0
2.0E-20,0,7,6,1
0.0,1,4,7,1
8.210113217461269E-5,0,4,4,1
1.0,0,4,1,1
0.11636363636363636,0,2,3,1
7.40758602E-12,0,3,11,1
0.0,1,3,3,0
0.0,1,6,4,0
0.23008849557522124,0,3,2,1
1.30928761696605E-6,0,11,11,1
5.26952825418718E-6,0,6,3,0
0.10462776659959759,0,5,4,1
3.43458487500451E-6,0,4,11,1
0.0,1,4,3,0
0.0,0,2,1,1
0.0,0,7,6,0
1.3757E-15,0,1,3,1
1.0,0,6,5,1
0.025787965616045846,0,1,1,1
1.0,0,6,5,1
0.0,1,10,7,1
0.0,0,7,9,1
0.054441260744985676,0,7,5,1
7.7686063E-13,0,4,1,1
1.0,0,2,3,1
1.0,0,6,5,1
4.122E-17,0,2,6,0
0.0,0,1,10,0
1.82719759579264E-6,0,6,5,1
0.0,1,3,2,0
0.0,1,10,11,0
0.0,0,3,3,1
2.11570247933884E-6,0,1,2,1
4.56128E-15,0,3,11,1
1.4778203791430283E-4,0,12,12,1
1.0,0,6,4,1
0.0,1,12,1,0
7.057403911858E-8,0,5,4,1
2.35246797061927E-6,0,1,12,1
0.0,1,1,5,0
0.0,0,2,11,0
1.7614359932616118E-4,0,6,4,1
1.32E-18,0,4,6,1
0.0023801652892561985,0,3,4,1
0.11636363636363636,0,1,3,1
0.10663983903420524,0,10,2,1
2.982648E-14,0,4,5,1
0.0036363636363636364,0,10,1,1
1.0,0,4,1,1
1.621358587E-11,1,3,3,0
0.08022922636103152,0,9,7,1
0.0,1,6,11,0
0.0,1,1,1,0
0.0,1,5,6,0
7.794E-17,0,3,4,1
7.2048642E-13,0,3,2,1
0.0,0,2,1,0
0.0,1,2,1,0
0.0,1,2,6,1
0.0,1,6,5,0
0.0,1,1,7,0
2.306E-17,1,7,9,0
0.017699115044247787,0,5,5,1
2.371287714384229E-5,0,1,4,1
9.1E-19,0,3,5,1
5.80122E-15,0,1,11,1
0.0,1,3,2,0
0.0,0,4,11,1
2.71780826864E-9,0,3,5,0
0.0,1,2,7,0
0.0023801652892561985,0,10,3,1
4.07333925278328E-6,0,2,3,1
0.0036363636363636364,0,4,1,1
0.0,0,1,1,0
0.0,1,4,11,0
1.0,0,6,5,1
9.157466E-14,0,5,5,0
0.0,1,6,4,0
0.0,1,3,2,0
0.0,1,6,3,0
0.0,1,4,5,0
1.039E-17,0,1,2,1
0.0,1,5,1,0
2.644628099173554E-5,0,11,9,1
0.0,1,1,1,0
0.0,1,6,2,0
1.0,0,1,4,1
0.054441260744985676,0,9,7,1
0.0,0,2,6,1
0.0,1,1,4,0
0.0,1,6,2,0
0.0,1,7,10,0
2.739E-17,0,2,1,1
9.1314418414E-9,1,1,5,0
0.0,1,2,3,0
1.3926059198639E-7,0,3,10,1
3.848789536E-11,0,3,11,0
0.2052313883299799,0,5,6,1
0.0,1,11,10,0
0.0,0,10,6,1
3.2059E-16,0,4,4,0
0.0,1,5,1,0
0.0,1,4,10,0
0.0,1,2,7,0
0.0,0,4,6,0
5.289256198347107E-5,0,1,7,1
1.0,0,6,5,1
3.0E-20,0,6,10,1
0.0,1,4,11,0
0.0,1,1,1,0
0.0,1,6,5,0
1.416296701045E-8,0,1,4,1
1.78787565767065E-6,0,6,10,1
0.05157593123209169,0,1,1,1
8.0E-20,1,5,11,0
2.2813E-16,0,1,3,1
0.0,0,3,1,0
9.155857461E-11,0,1,2,1
0.0,1,3,3,0
4.651E-17,0,6,6,1
0.0,1,6,4,0
1.468752134417E-7,0,1,11,1
8.19005344E-12,0,10,6,1
0.0,1,7,6,0
4.56128E-15,0,6,7,1
0.0,1,10,7,0
1.1662999E-13,0,6,5,1
0.0,0,12,5,1
0.09818181818181818,0,6,2,1
0.02909090909090909,0,1,1,1
0.0,1,3,7,0
0.0,1,4,10,0
0.0,1,1,7,0
0.0,1,5,1,0
9.6881E-16,1,5,7,0
0.0,1,7,10,0
3.0960204E-13,0,10,11,1
6.70453371626493E-6,0,6,5,1
1.1562004636525E-7,0,3,4,0
0.24949698189134809,0,4,3,1
5.45536507069E-9,0,10,4,0
5.9242979E-13,0,4,1,1
0.02909090909090909,0,2,1,1
0.16045845272206305,0,1,1,1
0.0,1,2,3,0
0.008849557522123894,0,5,3,1
0.06876790830945559,0,2,11,1
0.0,1,6,5,1
0.0,1,2,3,1
0.05090909090909091,0,5,11,1
4.47E-18,0,1,5,1
0.0,1,4,10,0
0.0,1,2,6,0
0.0,1,4,4,0
0.0,1,1,6,0
0.0,0,3,11,1
0.0,1,7,9,0
0.061946902654867256,0,5,5,1
6.611570247933885E-5,0,5,2,1
0.0,0,3,7,1
0.0,1,3,1,0
1.0,0,5,7,1
1.0,0,5,6,1
0.0,1,1,10,0
1.0,0,6,5,1
0.0,1,10,4,0
7.3562614428453E-7,0,4,10,0
0.22349570200573066,0,11,2,1
0.0,1,6,1,0
1.0,0,6,6,1
0.025787965616045846,0,1,1,1
2.999396662539575E-5,0,5,5,1
1.0,0,5,6,1
0.0,0,6,3,0
0.0,1,5,7,0
1.3848234410217882E-4,0,10,3,1
0.0,1,12,4,0
3.161716952512305E-5,0,11,2,0
2.115702479338843E-4,0,2,1,1
0.0,1,7,12,0
2.8E-19,1,4,3,0
1.0,0,6,3,1
0.0,0,3,1,0
0.02550514353728002,0,4,4,1
0.0,1,10,10,0
6.28E-18,0,4,1,0
0.0,1,9,4,0
4.56128E-15,0,10,9,1
9.099804470877E-8,0,7,9,1
0.02909090909090909,0,2,1,1
0.0,1,4,5,0
0.10663983903420524,0,11,3,1
0.0,1,1,4,0
0.0,1,2,11,0
0.0,0,4,4,0
0.0,1,7,5,0
1.0,0,5,6,1
0.09454545454545454,0,2,4,1
2.3326E-14,0,4,11,0
0.0,1,3,2,1
0.034383954154727794,0,10,4,1
0.0,1,7,7,0
1.620475537003E-8,0,5,6,1
1.103217301E-11,0,4,1,0
0.02909090909090909,0,3,3,1
0.0,0,9,10,1
1.0,0,5,6,1
5.911281516572113E-4,0,7,6,1
2.0E-20,0,11,3,1
9.155857461E-11,0,1,12,1
3.8421396654813E-7,0,4,10,1
2.02797298E-11,0,9,2,1
0.034383954154727794,0,10,10,0
2.7178082686352E-7,0,3,11,1
0.07163323782234957,0,2,2,0
0.0,1,6,1,0
0.0,1,4,10,1
4.71908380671E-9,0,10,4,1
0.025787965616045846,0,1,1,1
0.0,1,5,7,0
0.0,0,10,4,0
0.0028653295128939827,0,5,5,1
0.0,0,11,6,1
2.3E-19,0,3,1,1
1.0,0,2,3,1
0.10462776659959759,0,4,3,0
7.72561135E-12,0,7,9,1
0.18584070796460178,0,2,1,1
7.933884297520661E-4,0,10,1,1
1.0,0,4,2,1
0.0,1,5,5,0
0.0,1,10,4,0
2.7E-19,0,2,10,0
1.040715798101E-8,0,6,5,1
0.017191977077363897,0,6,11,1
0.013487603305785124,0,7,4,1
5.29677704E-12,0,3,4,1
5.26952825418718E-6,0,10,1,0
0.01931103724965487,0,4,4,1
1.4431259067E-8,1,1,1,0
0.0,1,2,11,1
0.0,1,2,2,0
0.061946902654867256,0,1,1,1
3.8772651363E-10,0,1,4,1
0.0,0,9,7,1
0.09818181818181818,0,7,4,1
0.0,1,10,4,0
0.0,0,4,6,1
0.0,1,6,7,0
0.0,1,4,6,0
2.0E-20,0,11,12,1
1.0,0,10,3,1
0.0,1,10,1,0
5.606E-17,0,1,2,1
4.0229554765560223E-4,0,7,6,1
1.0,0,1,4,1
0.2052313883299799,0,3,3,1
0.0,0,5,10,0
0.0,1,9,6,0
1.17080527286388E-6,0,5,11,1
3.126826723E-11,0,4,2,1
0.0,1,3,3,0
1.0,0,5,6,1
