entity1,entity2,pertinence,dot,relation
1,2,283,0,0
1,1,0,0,0
1,3,298,0,1
2,1,276,0,0
2,3,561,0,0
1,3,291,0,1
3,1,867,1,0
3,1,439,1,0
3,3,1071,1,0
3,2,813,1,0
1,1,606,0,0
1,3,689,0,0
1,2,431,0,0
1,3,810,0,0
1,2,552,0,0
3,2,561,0,0
4,5,612,0,1
4,6,340,0,1
5,6,650,0,0
5,7,860,0,0
5,8,600,0,0
5,4,1276,1,0
5,3,1074,1,0
5,3,1276,1,0
5,7,785,0,0
5,7,620,0,1
5,5,747,0,0
5,1,708,1,0
5,3,1105,1,0
7,8,913,0,0
7,4,904,1,0
7,3,702,1,0
7,3,904,1,0
7,7,563,0,1
7,7,728,0,0
7,5,662,0,0
7,1,336,1,0
7,3,733,1,0
8,4,1329,1,0
8,3,1127,1,0
8,3,1329,1,0
8,7,838,0,0
8,7,673,0,1
8,5,800,0,0
8,1,761,1,0
8,3,1158,1,0
4,3,752,1,0
4,3,550,0,0
4,7,979,1,0
4,7,1144,1,0
4,5,1078,1,0
4,1,875,1,0
4,3,721,1,0
3,3,752,1,0
3,7,777,1,0
3,7,942,1,0
3,5,876,1,0
3,1,673,0,0
3,3,581,1,0
3,7,979,1,0
3,7,1144,1,0
3,5,1078,1,0
3,1,875,1,0
3,3,721,1,0
7,7,653,0,0
7,5,587,0,0
7,1,411,1,0
7,3,808,1,0
7,5,615,0,1
7,1,576,1,0
7,3,973,1,0
5,1,510,1,0
5,3,907,1,0
1,3,704,1,0
7,5,582,0,0
7,3,897,1,0
7,3,1300,1,0
7,9,707,1,0
7,3,640,0,0
7,7,879,1,0
7,1,775,1,0
7,1,433,0,0
7,3,1035,1,0
7,3,1194,1,0
7,1,1064,1,0
7,5,871,1,0
5,3,862,1,0
5,3,1265,1,0
5,9,672,1,0
5,3,605,0,0
5,7,911,1,0
5,1,740,1,0
5,1,398,0,0
5,3,1067,1,0
5,3,1159,1,0
5,1,1096,1,0
5,5,903,1,0
3,3,953,1,0
3,9,360,0,0
3,3,807,1,0
3,7,1226,1,0
3,1,428,0,0
3,1,771,1,0
3,3,1382,1,0
3,3,847,0,0
3,1,1411,1,0
3,5,1218,1,0
3,9,597,1,0
3,3,1210,1,0
3,7,1629,1,0
3,1,831,1,0
3,1,1174,1,0
3,3,1785,1,0
3,3,656,1,0
3,1,1814,1,0
3,5,1621,1,0
9,3,617,1,0
9,7,1036,1,0
9,1,72,0,1
9,1,581,1,0
9,3,1192,1,0
9,3,491,0,1
9,1,1221,1,0
9,5,1028,1,0
3,7,969,1,0
3,1,685,1,0
3,1,343,0,0
3,3,1125,1,0
3,3,1104,1,0
3,1,1154,1,0
3,5,961,1,0
7,1,1104,1,0
7,1,762,1,0
7,3,644,0,0
7,3,1523,1,0
7,1,673,0,0
7,5,555,0,1
1,1,649,1,0
1,3,1260,1,0
1,3,725,0,0
1,1,1289,1,0
1,5,1096,1,0
1,3,918,1,0
1,3,1068,1,0
1,1,947,1,0
1,5,754,1,0
3,3,1679,1,0
3,1,579,0,1
3,5,711,0,0
3,1,1708,1,0
3,5,1515,1,0
1,5,740,0,0
3,2,668,0,0
7,2,337,0,0
7,5,365,1,0
7,5,416,1,0
2,5,574,1,0
2,5,625,1,0
5,5,601,0,0
5,3,858,1,0
5,1,425,1,0
5,6,326,0,0
5,5,813,1,0
5,4,326,0,0
3,1,677,0,0
3,6,812,1,0
3,5,595,0,0
3,4,839,1,0
1,6,379,1,0
1,5,632,0,0
1,4,406,1,0
6,5,767,1,0
6,4,307,0,1
5,4,794,1,0
9,10,778,0,0
9,5,710,1,0
9,7,1045,1,0
9,4,552,0,1
9,5,651,1,0
9,11,780,0,0
9,10,553,0,1
9,5,955,1,0
9,9,652,0,0
10,5,972,1,0
10,7,1307,1,0
10,4,814,0,0
10,5,913,1,0
10,11,550,0,1
10,10,815,0,0
10,5,1217,1,0
10,9,676,0,1
5,7,577,0,1
5,4,707,1,0
5,5,366,0,0
5,11,974,1,0
5,10,707,1,0
5,5,301,0,0
5,9,846,1,0
7,4,1042,1,0
7,5,701,0,1
7,11,1309,1,0
7,10,1042,1,0
7,5,636,0,1
7,9,1181,1,0
4,5,648,1,0
4,11,816,0,0
4,10,550,0,0
4,5,952,1,0
4,9,688,0,0
5,11,915,1,0
5,10,648,1,0
5,5,611,0,0
5,9,787,1,0
11,10,817,0,0
11,5,1219,1,0
11,9,678,0,1
10,5,952,1,0
10,9,689,0,0
5,9,1091,1,0
4,2,906,1,0
4,4,622,1,0
4,3,796,1,0
4,3,569,1,0
4,3,824,1,0
4,4,870,1,0
4,4,584,0,0
4,5,1160,1,0
4,1,515,0,0
4,4,623,1,0
4,6,567,0,1
2,4,833,0,0
2,3,1154,1,0
2,3,927,1,0
2,3,1182,1,0
2,4,586,0,0
2,4,865,1,0
2,5,1518,1,0
2,1,873,1,0
2,4,830,0,0
2,6,925,1,0
4,3,870,1,0
4,3,643,1,0
4,3,898,1,0
4,4,797,0,0
4,4,581,1,0
4,5,1234,1,0
4,1,589,1,0
4,4,550,0,0
4,6,641,1,0
3,3,443,0,0
3,3,308,1,0
3,4,1118,1,0
3,4,832,1,0
3,5,644,1,0
3,1,588,1,0
3,4,871,1,0
3,6,779,1,0
3,3,471,1,0
3,4,891,1,0
3,4,605,1,0
3,5,807,1,0
3,1,361,1,0
3,4,644,1,0
3,6,552,1,0
3,4,1146,1,0
3,4,860,1,0
3,5,588,0,1
3,1,616,1,0
3,4,899,1,0
3,6,807,1,0
4,4,829,1,0
4,5,1482,1,0
4,1,837,1,0
4,4,794,0,0
4,6,889,1,0
4,5,1196,1,0
4,1,551,0,0
4,4,582,1,0
4,6,603,0,1
5,1,952,1,0
5,4,1235,1,0
5,6,1143,1,0
1,4,590,1,0
1,6,498,0,0
4,6,642,1,0
2,2,616,0,1
2,4,800,1,0
2,11,960,1,0
2,2,570,0,0
2,4,769,1,0
2,11,769,1,0
2,4,1472,1,0
2,4,708,0,0
2,4,1222,1,0
2,4,865,1,0
2,4,727,1,0
2,11,976,1,0
2,6,708,1,0
2,5,957,1,0
2,5,621,1,0
2,1,1232,1,0
2,4,529,1,0
2,4,734,1,0
2,11,894,1,0
2,2,637,0,1
2,4,703,1,0
2,11,703,1,0
2,4,1539,1,0
2,4,642,0,0
2,4,1289,1,0
2,4,799,1,0
2,4,661,1,0
2,11,910,1,0
2,6,642,1,0
2,5,891,1,0
2,5,688,1,0
2,1,1299,1,0
2,4,463,1,0
4,11,402,0,0
4,2,821,1,0
4,4,338,0,0
4,11,554,0,1
4,4,1723,1,0
4,4,370,1,0
4,4,1473,1,0
4,4,307,0,0
4,4,618,0,0
4,11,418,0,0
4,6,642,0,0
4,5,399,0,0
4,5,872,1,0
4,1,1483,1,0
4,4,307,0,0
11,2,981,1,0
11,4,498,0,0
11,11,714,0,0
11,4,1883,1,0
11,4,530,1,0
11,4,1633,1,0
11,4,308,0,0
11,4,778,0,0
11,11,323,0,0
11,6,802,0,0
11,5,309,0,0
11,5,1032,1,0
11,1,1643,1,0
11,4,467,0,0
2,4,790,1,0
2,11,790,1,0
2,4,1448,1,0
2,4,729,0,0
2,4,1198,1,0
2,4,886,1,0
2,4,748,1,0
2,11,997,1,0
2,6,729,1,0
2,5,978,1,0
2,5,597,1,0
2,1,1208,1,0
2,4,550,1,0
4,11,307,0,0
4,4,1692,1,0
4,4,339,1,0
4,4,1442,1,0
4,4,403,0,0
4,4,587,0,0
4,11,514,0,0
4,6,611,0,1
4,5,495,0,0
4,5,841,1,0
4,1,1452,1,0
4,4,67,0,0
11,4,1692,1,0
11,4,339,1,0
11,4,1442,1,0
11,4,619,0,1
11,4,587,0,0
11,11,730,0,0
11,6,611,0,0
11,5,711,0,0
11,5,841,1,0
11,1,1452,1,0
11,4,283,0,1
4,4,1631,1,0
4,4,797,1,0
4,4,1788,1,0
4,4,1650,1,0
4,11,1899,1,0
4,6,1631,1,0
4,5,1880,1,0
4,5,1129,1,0
4,1,307,0,0
4,4,1452,1,0
4,4,1381,1,0
4,4,435,1,0
4,4,297,1,0
4,11,546,1,0
4,6,278,1,0
4,5,527,1,0
4,5,780,1,0
4,1,1391,1,0
4,4,99,1,0
4,4,1538,1,0
4,4,1400,1,0
4,11,1649,1,0
4,6,1381,1,0
4,5,1630,1,0
4,5,879,0,0
4,1,557,1,0
4,4,1202,1,0
4,4,683,0,0
4,11,324,0,0
4,6,707,0,0
4,5,305,0,0
4,5,937,1,0
4,1,1548,1,0
4,4,372,0,0
4,11,794,0,0
4,6,569,0,1
4,5,775,0,0
4,5,799,1,0
4,1,1410,1,0
4,4,347,0,0
11,6,818,0,0
11,5,325,0,0
11,5,1048,1,0
11,1,1659,1,0
11,4,483,0,0
6,5,799,0,0
6,5,780,1,0
6,1,1391,1,0
6,4,371,0,0
5,5,1029,1,0
5,1,1640,1,0
5,4,464,0,0
5,1,889,1,0
5,4,601,1,0
1,4,1212,1,0
5,9,560,0,1
5,5,590,0,0
5,11,570,0,0
9,5,580,0,1
9,11,580,0,0
5,11,610,0,0
6,11,717,1,0
6,1,698,0,0
6,2,610,0,0
6,3,721,1,0
6,3,599,0,0
6,4,550,0,1
6,1,285,1,0
11,1,867,1,0
11,2,779,1,0
11,3,552,0,1
11,3,768,1,0
11,4,719,1,0
11,1,582,0,0
1,2,637,0,0
1,3,871,1,0
1,3,649,0,1
1,4,691,0,0
1,1,435,1,0
2,3,783,1,0
2,3,561,0,1
2,4,603,0,0
2,1,347,1,0
3,3,772,1,0
3,4,723,1,0
3,1,586,0,1
3,4,592,0,1
3,1,336,1,0
4,1,287,1,0
11,5,718,0,0
11,1,278,1,0
11,3,572,1,0
11,3,366,1,0
11,11,586,0,0
11,2,810,0,0
11,4,656,0,0
5,1,449,1,0
5,3,743,1,0
5,3,537,1,0
5,11,680,0,0
5,2,399,0,0
5,4,364,0,0
1,3,572,0,1
1,3,366,0,0
1,11,317,1,0
1,2,541,1,0
1,4,387,1,0
3,3,344,0,0
3,11,611,1,0
3,2,835,1,0
3,4,681,1,0
3,11,405,1,0
3,2,629,1,0
3,4,475,1,0
11,2,772,0,0
11,4,618,0,0
2,4,456,0,0
2,11,585,0,0
2,4,622,0,0
2,8,382,0,0
2,7,596,0,0
2,1,586,0,0
2,5,326,0,0
11,4,586,0,0
11,8,418,0,0
11,7,632,0,0
11,1,550,0,0
11,5,362,0,0
4,8,455,0,0
4,7,669,0,0
4,1,343,0,0
4,5,399,0,0
8,7,336,0,1
8,1,419,0,0
8,5,363,0,0
7,1,633,0,0
7,5,577,0,0
1,5,363,0,0
3,2,392,0,0
3,11,859,1,0
3,11,279,1,0
3,4,1048,1,0
3,2,923,1,0
3,5,603,1,0
3,3,850,1,0
3,6,1094,1,0
3,6,1046,1,0
3,3,632,0,0
3,2,635,0,0
3,2,623,1,0
3,4,539,1,0
3,3,954,1,0
3,4,1121,1,0
3,11,312,1,0
3,3,621,1,0
3,2,687,0,0
3,11,442,1,0
3,2,411,1,0
3,11,859,1,0
3,4,327,1,0
3,2,635,0,0
3,3,850,1,0
3,2,824,1,0
3,11,893,1,0
2,11,973,1,0
2,11,393,1,0
2,4,1162,1,0
2,2,1037,1,0
2,5,717,1,0
2,3,765,1,0
2,6,1208,1,0
2,6,1160,1,0
2,3,307,0,0
2,2,307,0,0
2,2,737,1,0
2,4,653,1,0
2,3,1068,1,0
2,4,1235,1,0
2,11,426,1,0
2,3,735,1,0
2,2,602,0,0
2,11,357,1,0
2,2,525,1,0
2,11,973,1,0
2,4,441,1,0
2,2,307,0,0
2,3,765,1,0
2,2,938,1,0
2,11,1007,1,0
11,11,887,1,0
11,4,496,1,0
11,2,371,1,0
11,5,534,1,0
11,3,1431,1,0
11,6,542,1,0
11,6,494,1,0
11,3,1213,1,0
11,2,1216,1,0
11,2,785,1,0
11,4,870,1,0
11,3,402,1,0
11,4,569,1,0
11,11,1096,1,0
11,3,788,1,0
11,2,1268,1,0
11,11,1023,1,0
11,2,725,1,0
11,11,307,0,0
11,4,1080,1,0
11,2,1216,1,0
11,3,1431,1,0
11,2,584,0,0
11,11,341,0,0
11,4,1076,1,0
11,2,951,1,0
11,5,631,1,0
11,3,851,1,0
11,6,1122,1,0
11,6,1074,1,0
11,3,633,1,0
11,2,636,1,0
11,2,651,1,0
11,4,567,1,0
11,3,982,1,0
11,4,1149,1,0
11,11,340,0,0
11,3,649,1,0
11,2,688,1,0
11,11,443,1,0
11,2,439,0,0
11,11,887,1,0
11,4,355,0,0
11,2,636,1,0
11,3,851,1,0
11,2,852,1,0
11,11,921,1,0
4,2,674,0,0
4,5,723,1,0
4,3,1620,1,0
4,6,348,0,0
4,6,550,0,1
4,3,1402,1,0
4,2,1405,1,0
4,2,974,1,0
4,4,1059,1,0
4,3,582,0,0
4,4,375,0,1
4,11,1285,1,0
4,3,977,1,0
4,2,1457,1,0
4,11,1212,1,0
4,2,914,1,0
4,11,739,1,0
4,4,1269,1,0
4,2,1405,1,0
4,3,1620,1,0
4,2,773,1,0
4,11,705,1,0
2,5,598,1,0
2,3,1495,1,0
2,6,720,0,0
2,6,672,0,0
2,3,1277,1,0
2,2,1280,1,0
2,2,849,1,0
2,4,934,1,0
2,3,580,0,0
2,4,747,0,0
2,11,1160,1,0
2,3,852,1,0
2,2,1332,1,0
2,11,1087,1,0
2,2,789,1,0
2,11,614,1,0
2,4,1144,1,0
2,2,1280,1,0
2,3,1495,1,0
2,2,648,1,0
2,11,580,1,0
5,3,1175,1,0
5,6,769,1,0
5,6,721,1,0
5,3,957,1,0
5,2,960,1,0
5,2,298,1,0
5,4,614,0,0
5,3,629,1,0
5,4,796,1,0
5,11,840,1,0
5,3,296,1,0
5,2,1012,1,0
5,11,767,1,0
5,2,469,1,0
5,11,534,1,0
5,4,824,1,0
5,2,960,1,0
5,3,1175,1,0
5,2,499,1,0
5,11,568,1,0
3,6,1666,1,0
3,6,1618,1,0
3,3,765,1,0
3,2,765,1,0
3,2,1195,1,0
3,4,1111,1,0
3,3,1526,1,0
3,4,1693,1,0
3,11,884,1,0
3,3,1193,1,0
3,2,713,1,0
3,11,623,0,0
3,2,983,1,0
3,11,1431,1,0
3,4,899,1,0
3,2,765,1,0
3,3,307,0,0
3,2,1396,1,0
3,11,1465,1,0
6,6,596,0,0
6,3,1448,1,0
6,2,1451,1,0
6,2,1020,1,0
6,4,1105,1,0
6,3,628,0,0
6,4,576,0,1
6,11,1331,1,0
6,3,1023,1,0
6,2,1503,1,0
6,11,1258,1,0
6,2,960,1,0
6,11,785,1,0
6,4,1315,1,0
6,2,1451,1,0
6,3,1666,1,0
6,2,819,1,0
6,11,751,1,0
6,3,1400,1,0
6,2,1403,1,0
6,2,972,1,0
6,4,1057,1,0
6,3,580,0,0
6,4,623,0,0
6,11,1283,1,0
6,3,975,1,0
6,2,1455,1,0
6,11,1210,1,0
6,2,912,1,0
6,11,737,1,0
6,4,1267,1,0
6,2,1403,1,0
6,3,1618,1,0
6,2,771,1,0
6,11,703,1,0
3,2,550,0,0
3,2,977,1,0
3,4,893,1,0
3,3,1308,1,0
3,4,1475,1,0
3,11,666,1,0
3,3,975,1,0
3,2,602,0,0
3,11,357,1,0
3,2,765,1,0
3,11,1213,1,0
3,4,681,1,0
3,2,550,0,0
3,3,765,1,0
3,2,1178,1,0
3,11,1247,1,0
2,2,980,1,0
2,4,896,1,0
2,3,1311,1,0
2,4,1478,1,0
2,11,669,1,0
2,3,978,1,0
2,2,602,0,0
2,11,357,1,0
2,2,768,1,0
2,11,1216,1,0
2,4,684,1,0
2,2,550,0,0
2,3,765,1,0
2,2,1181,1,0
2,11,1250,1,0
2,4,634,1,0
2,3,880,1,0
2,4,1047,1,0
2,11,860,1,0
2,3,552,0,0
2,2,1032,1,0
2,11,787,1,0
2,2,489,1,0
2,11,785,1,0
2,4,844,1,0
2,2,980,1,0
2,3,1195,1,0
2,2,750,1,0
2,11,819,1,0
4,3,965,1,0
4,4,1132,1,0
4,11,776,1,0
4,3,632,1,0
4,2,948,1,0
4,11,703,1,0
4,2,405,1,0
4,11,870,1,0
4,4,760,1,0
4,2,896,1,0
4,3,1111,1,0
4,2,835,1,0
4,11,904,1,0
3,4,655,0,0
3,11,1191,1,0
3,3,883,1,0
3,2,1363,1,0
3,11,1118,1,0
3,2,820,1,0
3,11,645,1,0
3,4,1175,1,0
3,2,1311,1,0
3,3,1526,1,0
3,2,679,1,0
3,11,611,1,0
4,11,1358,1,0
4,3,1050,1,0
4,2,1530,1,0
4,11,1285,1,0
4,2,987,1,0
4,11,812,1,0
4,4,1342,1,0
4,2,1478,1,0
4,3,1693,1,0
4,2,846,1,0
4,11,778,1,0
11,3,858,1,0
11,2,721,1,0
11,11,476,1,0
11,2,648,0,0
11,11,1096,1,0
11,4,564,0,1
11,2,669,1,0
11,3,884,1,0
11,2,1061,1,0
11,11,1130,1,0
3,2,1030,1,0
3,11,785,1,0
3,2,487,1,0
3,11,788,1,0
3,4,842,1,0
3,2,978,1,0
3,3,1193,1,0
3,2,753,1,0
3,11,822,1,0
2,11,305,1,0
2,2,820,1,0
2,11,1268,1,0
2,4,736,1,0
2,2,602,0,0
2,3,713,1,0
2,2,1233,1,0
2,11,1302,1,0
11,2,575,1,0
11,11,1023,1,0
11,4,491,1,0
11,2,357,1,0
11,3,623,0,0
11,2,988,1,0
11,11,1057,1,0
2,11,725,1,0
2,4,632,0,0
2,2,768,1,0
2,3,983,1,0
2,2,690,1,0
2,11,759,1,0
11,4,1080,1,0
11,2,1216,1,0
11,3,1431,1,0
11,2,584,0,0
11,11,584,0,0
4,2,684,1,0
4,3,899,1,0
4,2,1045,1,0
4,11,1114,1,0
2,3,765,1,0
2,2,1181,1,0
2,11,1250,1,0
3,2,1396,1,0
3,11,1465,1,0
2,11,618,0,0
4,4,710,1,0
4,11,714,1,0
4,3,811,1,0
4,4,1012,1,0
4,5,993,1,0
4,11,554,0,0
4,3,651,0,1
4,4,852,1,0
4,5,833,1,0
11,3,643,0,1
11,4,844,1,0
11,5,825,1,0
3,4,505,1,0
3,5,486,1,0
4,5,569,0,0
5,4,673,1,0
5,6,1374,1,0
5,4,396,1,0
5,2,1312,1,0
5,4,673,1,0
5,2,855,1,0
5,3,360,1,0
5,11,666,1,0
5,4,1409,1,0
5,11,641,1,0
5,4,612,1,0
5,6,1416,1,0
5,5,425,1,0
5,4,1312,1,0
5,5,1514,1,0
5,11,521,1,0
4,6,1008,1,0
4,4,555,1,0
4,2,946,1,0
4,4,307,0,0
4,2,368,0,0
4,3,591,1,0
4,11,557,1,0
4,4,1043,1,0
4,11,578,1,0
4,4,368,1,0
4,6,1050,1,0
4,5,552,1,0
4,4,946,1,0
4,5,1148,1,0
4,11,395,1,0
6,4,1256,1,0
6,2,576,0,1
6,4,1008,1,0
6,2,1069,1,0
6,3,1292,1,0
6,11,1258,1,0
6,4,584,0,0
6,11,1279,1,0
6,4,1069,1,0
6,6,591,0,0
6,5,1253,1,0
6,4,612,0,1
6,5,689,0,0
6,11,1096,1,0
4,2,1194,1,0
4,4,555,1,0
4,2,737,1,0
4,3,314,1,0
4,11,280,1,0
4,4,1291,1,0
4,11,301,1,0
4,4,494,0,0
4,6,1298,1,0
4,5,307,0,1
4,4,1194,1,0
4,5,1396,1,0
4,11,403,0,0
2,4,946,1,0
2,2,1007,1,0
2,3,1230,1,0
2,11,1196,1,0
2,4,611,0,0
2,11,1217,1,0
2,4,1007,1,0
2,6,618,0,0
2,5,1191,1,0
2,4,550,0,0
2,5,716,0,0
2,11,1034,1,0
4,2,368,0,0
4,3,591,1,0
4,11,557,1,0
4,4,1043,1,0
4,11,578,1,0
4,4,368,1,0
4,6,1050,1,0
4,5,552,1,0
4,4,946,1,0
4,5,1148,1,0
4,11,395,1,0
2,3,773,1,0
2,11,739,1,0
2,4,1104,1,0
2,11,760,1,0
2,4,550,1,0
2,6,1111,1,0
2,5,734,1,0
2,4,1007,1,0
2,5,1209,1,0
2,11,577,1,0
3,11,584,0,1
3,4,1327,1,0
3,11,559,0,1
3,4,530,1,0
3,6,1334,1,0
3,5,343,1,0
3,4,1230,1,0
3,5,1432,1,0
3,11,439,1,0
11,4,1293,1,0
11,11,571,0,0
11,4,496,1,0
11,6,1300,1,0
11,5,309,1,0
11,4,1196,1,0
11,5,1398,1,0
11,11,405,1,0
4,11,1314,1,0
4,4,1104,1,0
4,6,550,0,1
4,5,1288,1,0
4,4,647,0,0
4,5,648,0,0
4,11,1131,1,0
11,4,517,1,0
11,6,1321,1,0
11,5,330,1,0
11,4,1217,1,0
11,5,1419,1,0
11,11,426,1,0
4,6,1111,1,0
4,5,491,0,0
4,4,1007,1,0
4,5,1209,1,0
4,11,334,0,0
6,5,1295,1,0
6,4,654,0,0
6,5,648,0,0
6,11,1138,1,0
5,4,1191,1,0
5,5,1393,1,0
5,11,400,0,0
4,5,752,0,0
4,11,1034,1,0
5,11,1236,1,0
5,6,996,0,0
5,11,418,0,0
5,2,859,0,0
5,4,1240,0,0
5,11,614,0,1
6,11,883,0,0
6,2,686,0,0
6,4,551,0,1
6,11,1060,0,0
11,2,746,0,0
11,4,1127,0,0
11,11,482,0,0
2,4,930,0,0
2,11,923,0,0
4,11,1304,0,0
4,1,574,0,0
4,7,614,0,1
1,7,645,0,1
10,1,951,1,0
10,11,1046,1,0
10,1,428,0,0
10,4,664,0,0
10,7,889,1,0
10,2,307,0,0
10,3,1057,1,0
10,7,550,0,1
1,11,577,0,0
1,1,832,1,0
1,4,1068,1,0
1,7,612,0,1
1,2,711,1,0
1,3,588,0,0
1,7,708,1,0
11,1,927,1,0
11,4,1163,1,0
11,7,707,0,1
11,2,806,1,0
11,3,560,0,0
11,7,803,1,0
1,4,307,0,0
1,7,770,1,0
1,2,356,0,0
1,3,938,1,0
1,7,431,0,1
4,7,1006,1,0
4,2,592,0,0
4,3,1174,1,0
4,7,667,0,1
7,2,649,1,0
7,3,718,0,1
7,7,646,1,0
2,3,817,1,0
2,7,310,0,1
3,7,814,1,0
5,7,469,0,0
5,5,553,0,1
7,5,477,0,1
5,1,757,1,0
5,2,1069,1,0
5,2,996,0,0
5,2,1051,1,0
5,3,1024,1,0
5,3,596,0,1
5,2,1014,1,0
1,2,320,0,0
1,2,39,1,0
1,2,302,0,0
1,3,283,0,1
1,3,807,1,0
1,2,289,0,0
2,2,351,1,0
2,2,321,0,0
2,3,595,0,0
2,3,1119,1,0
2,2,601,0,0
2,2,333,1,0
2,3,306,1,0
2,3,1046,0,0
2,2,296,1,0
2,3,577,0,0
2,3,1101,1,0
2,2,583,0,0
3,3,1074,1,0
3,2,556,0,1
3,2,1064,1,0
6,4,580,0,0
6,5,626,0,0
6,9,604,0,0
6,1,652,0,0
6,6,836,0,0
6,5,576,0,1
6,4,838,0,0
4,5,353,0,1
4,9,331,0,1
4,1,379,0,1
4,6,563,0,0
4,5,550,0,1
4,4,565,0,0
5,9,570,0,0
5,1,574,0,0
5,6,758,0,0
5,5,596,0,0
5,4,760,0,0
9,1,596,0,0
9,6,780,0,0
9,5,574,0,0
9,4,782,0,1
1,6,364,0,0
1,5,622,0,0
1,4,366,0,0
6,5,806,0,0
6,4,550,0,1
5,4,808,0,0
5,3,424,1,0
5,5,697,0,1
5,1,329,1,0
5,5,654,0,1
5,5,280,1,0
3,5,571,1,0
3,1,402,0,0
3,5,528,1,0
3,5,421,0,0
5,1,476,1,0
5,5,590,0,0
5,5,427,1,0
1,5,433,1,0
1,5,326,0,0
5,5,384,1,0
1,1,341,0,0
1,11,927,1,0
1,5,917,1,0
1,1,584,0,0
1,2,471,1,0
1,11,832,1,0
1,11,893,1,0
1,5,883,1,0
1,1,307,0,0
1,2,534,1,0
1,11,798,1,0
11,5,537,1,0
11,1,893,1,0
11,2,1120,1,0
11,11,642,0,0
5,1,883,1,0
5,2,1110,1,0
5,11,632,1,0
1,2,777,1,0
1,11,798,1,0
2,11,1025,1,0
6,4,348,0,0
6,6,625,0,0
6,4,550,0,1
4,6,550,0,1
4,4,350,0,0
6,4,627,0,0
5,5,786,1,0
5,4,737,1,0
5,4,990,1,0
5,6,987,1,0
5,7,806,1,0
5,4,1009,1,0
5,4,599,0,0
5,4,750,0,0
5,6,747,0,0
5,7,566,0,0
5,4,769,0,0
4,4,803,0,0
4,6,800,0,0
4,7,619,0,0
4,4,822,0,0
4,6,550,0,1
4,7,429,0,0
4,4,569,0,0
6,7,426,0,0
6,4,569,0,0
7,4,448,0,0
1,3,451,0,0
1,3,485,0,0
3,3,340,0,0
3,1,331,0,1
3,5,618,0,1
1,5,683,0,0
7,4,332,0,0
7,11,322,1,0
7,9,555,0,1
7,3,337,1,0
7,6,579,0,0
7,11,327,0,0
4,11,378,1,0
4,9,326,0,0
4,3,393,1,0
4,6,550,0,1
4,11,298,0,1
11,9,601,1,0
11,3,564,0,1
11,6,625,1,0
11,11,373,1,0
9,3,616,1,0
9,6,573,0,0
9,11,321,0,1
3,6,640,1,0
3,11,388,1,0
6,11,295,0,0
4,6,668,0,1
4,2,380,0,0
4,2,736,0,0
4,4,589,0,0
4,4,661,0,0
4,2,309,0,0
6,2,290,0,0
6,2,859,0,0
6,4,563,0,1
6,4,550,0,1
6,2,362,0,0
2,2,571,0,0
2,4,275,0,0
2,4,283,0,1
2,2,74,0,0
2,4,780,0,0
2,4,852,0,0
2,2,500,0,0
4,4,556,0,0
4,2,283,0,1
4,2,355,0,0
2,2,339,0,1
2,12,278,1,0
5,5,584,0,0
5,5,688,1,0
5,6,804,1,0
5,5,372,0,0
5,11,663,1,1
5,1,821,1,0
5,5,474,1,0
5,5,403,0,0
5,4,805,1,0
5,5,1356,1,0
5,5,976,1,0
5,4,658,0,0
5,5,487,1,0
5,5,797,1,0
5,6,913,1,0
5,5,307,0,0
5,11,598,1,1
5,1,930,1,0
5,5,409,1,0
5,5,338,0,0
5,4,914,1,0
5,5,1465,1,0
5,5,1085,1,0
5,4,767,1,0
5,5,422,1,0
5,6,666,0,0
5,5,585,1,0
5,11,876,1,0
5,1,683,1,0
5,5,687,1,0
5,5,616,1,0
5,4,667,0,1
5,5,1218,1,0
5,5,838,1,0
5,4,308,1,0
5,5,700,1,0
6,5,701,1,0
6,11,992,1,0
6,1,566,1,0
6,5,803,1,0
6,5,732,1,0
6,4,550,0,1
6,5,1101,1,0
6,5,721,1,0
6,4,424,1,0
6,5,816,1,0
5,11,567,1,1
5,1,718,1,0
5,5,378,1,0
5,5,307,0,0
5,4,702,1,0
5,5,1253,1,0
5,5,873,1,0
5,4,555,1,0
5,5,391,1,0
11,1,1009,1,0
11,5,483,0,1
11,5,496,0,1
11,4,993,1,0
11,5,1544,1,0
11,5,1164,1,0
11,4,846,1,0
11,5,467,0,1
1,5,820,1,0
1,5,749,1,0
1,4,566,1,0
1,5,717,1,0
1,5,337,0,0
1,4,441,1,0
1,5,833,1,0
5,5,307,0,0
5,4,804,1,0
5,5,1355,1,0
5,5,975,1,0
5,4,657,1,0
5,5,307,0,0
5,4,733,1,0
5,5,1284,1,0
5,5,904,1,0
5,4,586,1,0
5,5,320,0,0
4,5,1101,1,0
4,5,721,1,0
4,4,425,1,0
4,5,817,1,0
5,5,855,1,0
5,4,976,1,0
5,5,1368,1,0
5,4,596,1,0
5,5,988,1,0
4,5,670,1,0
5,2,1184,1,0
5,1,978,1,0
5,5,881,1,0
5,2,1085,1,0
5,1,612,0,0
5,1,1274,1,0
2,1,420,0,0
2,5,780,0,0
2,2,406,0,0
2,1,995,1,0
2,1,338,1,0
1,5,574,0,0
1,2,321,0,0
1,1,789,1,0
1,1,510,1,0
5,2,681,0,0
5,1,692,1,0
5,1,870,1,0
2,1,896,1,0
2,1,496,1,0
1,1,1085,1,0
5,5,481,1,0
5,3,970,1,0
5,3,337,1,0
5,3,794,0,0
5,3,694,1,0
3,3,1183,1,1
2,6,940,1,0
2,11,1492,1,0
2,2,317,0,0
2,5,700,1,0
2,6,1069,1,0
2,4,806,1,0
2,2,1384,1,0
2,6,972,1,0
2,2,989,1,0
2,4,631,1,0
2,6,1508,1,0
2,4,1508,1,0
2,1,1275,1,0
2,1,1324,1,0
6,11,1099,1,0
6,2,930,1,0
6,5,307,0,0
6,6,676,1,0
6,4,413,1,0
6,2,991,1,0
6,6,579,0,0
6,2,596,1,0
6,4,550,0,0
6,6,1115,1,0
6,4,1115,1,0
6,1,882,1,0
6,1,931,1,0
11,2,1482,1,0
11,5,1097,1,0
11,6,971,1,0
11,4,960,0,0
11,2,596,0,0
11,6,1070,1,0
11,2,984,1,0
11,4,1102,1,0
11,6,531,0,0
11,4,534,0,0
11,1,698,0,0
11,1,347,0,0
2,5,690,1,0
2,6,1059,1,0
2,4,796,1,0
2,2,1374,1,0
2,6,962,1,0
2,2,979,1,0
2,4,621,1,0
2,6,1498,1,0
2,4,1498,1,0
2,1,1265,1,0
2,1,1314,1,0
5,6,674,1,0
5,4,411,1,0
5,2,989,1,0
5,6,577,0,0
5,2,594,1,0
5,4,310,0,1
5,6,1113,1,0
5,4,1113,1,0
5,1,880,1,0
5,1,929,1,0
6,4,285,1,1
6,2,863,1,0
6,6,647,1,0
6,2,561,0,0
6,4,679,1,0
6,6,987,1,0
6,4,987,1,0
6,1,754,1,0
6,1,803,1,0
4,2,852,0,0
4,6,384,1,0
4,2,298,1,0
4,4,416,1,0
4,6,976,0,0
4,4,976,0,0
4,1,743,0,0
4,1,792,0,0
2,6,962,1,0
2,2,876,1,0
2,4,994,1,0
2,6,612,0,0
2,4,612,0,0
2,1,590,0,0
2,1,428,0,0
6,2,567,1,0
6,4,582,0,1
6,6,1086,1,0
6,4,1086,1,0
6,1,853,1,0
6,1,902,1,0
2,4,599,1,0
2,6,1000,1,0
2,4,1000,1,0
2,1,767,1,0
2,1,816,1,0
4,6,1118,1,0
4,4,1118,1,0
4,1,885,1,0
4,1,934,1,0
6,4,550,0,1
6,1,714,0,0
6,1,363,0,0
4,1,714,0,0
4,1,366,0,0
1,1,530,0,0
1,4,590,0,1
1,4,313,0,0
1,2,331,0,0
1,6,597,0,0
4,4,283,0,1
4,2,564,0,1
4,6,550,0,1
4,2,287,0,0
4,6,290,0,1
2,6,571,0,0
6,3,706,1,0
6,2,776,1,0
6,2,588,0,0
6,1,626,1,0
6,5,577,0,0
6,6,749,0,0
6,4,889,1,0
6,5,723,0,0
6,4,584,0,1
6,6,691,0,0
3,2,349,0,1
3,2,746,1,0
3,1,567,0,1
3,5,429,1,0
3,6,907,1,0
3,4,462,0,1
3,5,881,1,0
3,4,429,1,0
3,6,849,1,0
2,2,816,1,0
2,1,637,0,0
2,5,499,1,0
2,6,977,1,0
2,4,348,0,0
2,5,951,1,0
2,4,499,1,0
2,6,919,1,0
2,1,666,1,0
2,5,617,0,0
2,6,387,0,0
2,4,929,1,0
2,5,415,0,0
2,4,624,0,0
2,6,447,0,0
1,5,349,1,0
1,6,827,1,0
1,4,750,0,0
1,5,801,1,0
1,4,349,1,0
1,6,769,1,0
5,6,778,0,0
5,4,612,1,0
5,5,752,0,0
5,4,307,0,1
5,6,720,0,0
6,4,1090,1,0
6,5,576,0,0
6,4,785,0,0
6,6,608,0,0
4,5,1064,1,0
4,4,612,1,0
4,6,1032,1,0
5,4,759,0,0
5,6,582,0,0
4,6,727,0,0
11,11,307,0,0
11,5,412,1,0
11,11,307,0,0
11,5,149,1,0
11,11,307,0,0
11,7,322,0,0
11,5,655,1,0
11,11,307,0,0
11,5,392,1,0
11,11,307,0,0
11,7,565,0,0
5,11,412,1,0
5,5,283,0,1
5,11,412,1,0
5,7,306,1,0
11,5,149,1,0
11,11,307,0,0
11,7,322,0,0
5,11,149,1,0
5,7,43,1,0
11,7,322,0,0
2,4,410,0,0
2,4,334,0,1
2,2,537,0,0
2,2,374,0,0
2,5,554,1,0
2,4,307,0,0
4,4,438,0,0
4,2,369,0,1
4,2,341,0,0
4,5,658,1,0
4,4,405,0,0
4,2,565,0,0
4,2,402,0,0
4,5,523,1,0
4,4,335,0,0
2,2,468,0,0
2,5,785,1,0
2,4,532,0,0
2,5,622,1,0
2,4,369,0,1
5,4,555,1,0
7,4,755,0,0
7,2,863,0,0
7,7,587,0,0
7,10,590,0,0
7,2,1446,0,0
7,4,1219,0,0
7,7,354,0,0
7,3,46,0,0
7,10,601,0,0
7,6,1300,0,0
7,6,977,0,0
7,2,761,0,0
7,10,550,0,1
7,4,1040,0,0
7,4,975,0,0
7,5,652,0,1
7,7,363,0,0
7,6,666,0,0
7,4,664,0,0
7,2,1042,0,0
7,2,476,0,0
7,2,1565,0,0
7,2,856,0,0
4,2,440,0,0
4,7,715,0,0
4,10,708,0,0
4,2,966,0,0
4,4,739,0,0
4,7,704,0,0
4,3,528,0,0
4,10,699,0,0
4,6,820,0,0
4,6,497,0,0
4,2,300,0,0
4,10,752,0,0
4,4,560,0,0
4,4,495,0,0
4,5,649,0,0
4,7,689,0,0
4,6,331,0,0
4,4,396,0,0
4,2,562,0,0
4,2,483,0,0
4,2,1085,0,0
4,2,446,0,0
2,7,823,0,0
2,10,816,0,0
2,2,1131,0,0
2,4,904,0,0
2,7,812,0,0
2,3,636,0,1
2,10,807,0,0
2,6,985,0,0
2,6,662,0,0
2,2,446,0,0
2,10,860,0,0
2,4,725,0,0
2,4,660,0,0
2,5,757,0,0
2,7,797,0,0
2,6,351,0,0
2,4,349,0,0
2,2,727,0,0
2,2,591,0,1
2,2,1250,0,0
2,2,554,0,1
7,10,550,0,1
7,2,1406,0,0
7,4,1179,0,0
7,7,314,0,0
7,3,360,0,0
7,10,561,0,0
7,6,1260,0,0
7,6,937,0,0
7,2,721,0,0
7,10,584,0,0
7,4,1000,0,0
7,4,935,0,0
7,5,612,0,1
7,7,323,0,0
7,6,626,0,0
7,4,624,0,0
7,2,1002,0,0
7,2,436,0,0
7,2,1525,0,0
7,2,816,0,0
10,2,1399,0,0
10,4,1172,0,0
10,7,307,0,0
10,3,363,0,0
10,10,554,0,0
10,6,1253,0,0
10,6,930,0,0
10,2,714,0,0
10,10,587,0,0
10,4,993,0,0
10,4,928,0,0
10,5,605,0,0
10,7,316,0,0
10,6,619,0,0
10,4,617,0,0
10,2,995,0,0
10,2,429,0,0
10,2,1518,0,0
10,2,809,0,0
2,4,529,0,0
2,7,1395,0,0
2,3,1219,0,0
2,10,1390,0,0
2,6,695,0,0
2,6,773,0,0
2,2,991,0,0
2,10,1443,0,0
2,4,711,0,0
2,4,776,0,0
2,5,1340,0,1
2,7,1380,0,0
2,6,1022,0,0
2,4,1087,0,0
2,2,707,0,0
2,2,1174,0,0
2,2,427,0,0
2,2,1137,0,0
4,7,1168,0,0
4,3,992,0,0
4,10,1163,0,0
4,6,468,0,0
4,6,546,0,0
4,2,764,0,0
4,10,1216,0,0
4,4,484,0,0
4,4,549,0,0
4,5,1113,0,0
4,7,1153,0,0
4,6,795,0,0
4,4,860,0,0
4,2,480,0,0
4,2,947,0,0
4,2,648,0,0
4,2,910,0,0
7,3,127,0,0
7,10,550,0,1
7,6,1249,0,0
7,6,926,0,0
7,2,710,0,0
7,10,351,0,0
7,4,989,0,0
7,4,924,0,0
7,5,601,0,1
7,7,312,0,0
7,6,615,0,0
7,4,613,0,0
7,2,991,0,0
7,2,425,0,0
7,2,1514,0,0
7,2,805,0,0
3,10,374,0,0
3,6,1073,0,0
3,6,750,0,0
3,2,534,0,0
3,10,323,0,0
3,4,813,0,0
3,4,748,0,0
3,5,425,0,1
3,7,136,0,0
3,6,439,0,0
3,4,437,0,0
3,2,815,0,0
3,2,249,0,0
3,2,1338,0,0
3,2,629,0,0
10,6,1244,0,0
10,6,921,0,0
10,2,705,0,0
10,10,598,0,0
10,4,984,0,0
10,4,919,0,0
10,5,596,0,0
10,7,307,0,0
10,6,610,0,0
10,4,608,0,0
10,2,986,0,0
10,2,420,0,0
10,2,1509,0,0
10,2,800,0,0
6,6,627,0,0
6,2,845,0,0
6,10,1297,0,0
6,4,565,0,1
6,4,630,0,0
6,5,1194,0,0
6,7,1234,0,0
6,6,876,0,0
6,4,941,0,0
6,2,561,0,0
6,2,1028,0,0
6,2,814,0,0
6,2,991,0,0
6,2,522,0,0
6,10,974,0,0
6,4,367,0,0
6,4,307,0,1
6,5,871,0,0
6,7,911,0,0
6,6,553,0,0
6,4,618,0,0
6,2,369,0,0
6,2,705,0,0
6,2,892,0,0
6,2,668,0,0
2,10,758,0,0
2,4,585,0,0
2,4,520,0,0
2,5,655,0,0
2,7,695,0,0
2,6,337,0,0
2,4,402,0,0
2,2,587,0,0
2,2,489,0,0
2,2,1110,0,0
2,2,452,0,0
10,4,1037,0,0
10,4,972,0,0
10,5,649,0,0
10,7,360,0,0
10,6,663,0,0
10,4,661,0,0
10,2,1039,0,0
10,2,473,0,0
10,2,1562,0,0
10,2,853,0,0
4,4,370,0,0
4,5,934,0,0
4,7,974,0,0
4,6,616,0,0
4,4,681,0,0
4,2,307,0,1
4,2,768,0,0
4,2,830,0,0
4,2,731,0,0
4,5,869,0,0
4,7,909,0,0
4,6,551,0,0
4,4,616,0,0
4,2,372,0,0
4,2,703,0,0
4,2,895,0,0
4,2,666,0,0
5,7,586,0,1
5,6,560,0,0
5,4,558,0,0
5,2,936,0,0
5,2,370,0,0
5,2,1459,0,0
5,2,750,0,0
7,6,600,0,0
7,4,598,0,0
7,2,976,0,0
7,2,410,0,0
7,2,1499,0,0
7,2,790,0,0
6,4,307,0,1
6,2,618,0,0
6,2,394,0,0
6,2,1141,0,0
6,2,357,0,0
4,2,683,0,0
4,2,392,0,0
4,2,1206,0,0
4,2,355,0,0
2,2,770,0,0
2,2,826,0,0
2,2,733,0,0
2,2,1293,0,0
2,2,584,0,0
2,2,1256,0,0
7,3,599,0,0
7,4,342,0,0
3,4,453,0,0
6,1,614,0,0
6,3,709,1,0
6,4,550,0,1
1,3,311,1,1
1,4,607,0,0
3,4,702,1,0
5,4,535,0,0
5,6,338,0,0
5,3,1117,1,0
5,4,338,0,0
5,4,1072,1,0
5,2,1142,1,0
5,2,1128,1,0
5,5,435,0,0
5,5,528,0,0
5,1,1166,1,0
5,6,501,0,0
5,7,835,1,0
5,1,567,0,0
4,6,747,0,0
4,3,889,1,0
4,4,442,0,0
4,4,844,1,0
4,2,914,1,0
4,2,900,1,0
4,5,623,0,0
4,5,307,0,1
4,1,938,1,0
4,6,584,0,1
4,7,607,1,0
4,1,339,0,0
6,3,1329,1,0
6,4,550,0,1
6,4,1284,1,0
6,2,1354,1,0
6,2,1340,1,0
6,5,647,0,0
6,5,740,0,0
6,1,1378,1,0
6,6,713,0,0
6,7,1047,1,0
6,1,779,0,0
3,4,1024,1,0
3,4,592,0,1
3,2,575,0,0
3,2,561,0,1
3,5,1205,1,0
3,5,889,1,0
3,1,599,0,0
3,6,1166,1,0
3,7,832,1,0
3,1,732,1,0
4,4,979,1,0
4,2,1049,1,0
4,2,1035,1,0
4,5,342,0,0
4,5,435,0,0
4,1,1073,1,0
4,6,408,0,0
4,7,742,1,0
4,1,474,0,0
4,2,617,0,0
4,2,603,0,0
4,5,1160,1,0
4,5,844,1,0
4,1,641,0,0
4,6,1121,1,0
4,7,787,1,0
4,1,687,1,0
2,2,321,0,0
2,5,1230,1,0
2,5,914,1,0
2,1,331,0,0
2,6,1191,1,0
2,7,857,1,0
2,1,757,1,0
2,5,1216,1,0
2,5,900,1,0
2,1,345,0,0
2,6,1177,1,0
2,7,843,1,0
2,1,743,1,0
5,5,616,0,0
5,1,1254,1,0
5,6,589,0,0
5,7,923,1,0
5,1,655,0,0
5,1,938,1,0
5,6,577,0,0
5,7,607,1,0
5,1,339,0,0
1,6,1215,1,0
1,7,881,1,0
1,1,781,1,0
6,7,884,1,0
6,1,616,0,0
7,1,450,1,0
1,1,3,0,0
6,6,652,1,0
6,4,550,0,1
6,5,661,1,0
6,6,611,1,0
6,1,951,1,0
6,4,924,1,0
6,6,580,0,0
6,5,582,0,0
6,5,674,0,0
6,4,830,1,0
6,4,664,1,0
6,3,862,1,0
6,2,817,1,0
6,1,1092,1,0
6,6,825,1,0
6,4,408,1,0
6,5,557,0,0
6,6,347,0,0
6,1,847,1,0
6,4,820,1,0
6,6,684,1,0
6,5,320,1,0
6,5,778,1,0
6,4,726,1,0
6,4,560,0,1
6,3,758,1,0
6,2,713,0,0
6,1,988,1,0
6,6,721,1,0
4,5,417,1,0
4,6,367,1,0
4,1,707,1,0
4,4,680,1,0
4,6,582,0,1
4,5,338,0,1
4,5,676,0,0
4,4,586,1,0
4,4,420,1,1
4,3,618,1,0
4,2,573,1,0
4,1,848,1,0
4,6,581,1,0
5,6,356,0,0
5,1,837,1,0
5,4,810,1,0
5,6,693,1,0
5,5,329,1,0
5,5,787,1,0
5,4,716,1,0
5,4,550,0,1
5,3,748,1,0
5,2,703,0,0
5,1,978,1,0
5,6,711,1,0
6,1,646,1,0
6,4,619,1,0
6,6,643,1,0
6,5,279,1,0
6,5,737,1,0
6,4,525,1,0
6,4,359,0,1
6,3,557,1,0
6,2,512,0,0
6,1,787,1,0
6,6,520,1,0
1,4,575,0,0
1,6,983,1,0
1,5,619,1,0
1,5,1077,1,0
1,4,423,1,0
1,4,594,1,0
1,3,639,0,1
1,2,411,1,0
1,1,323,0,0
1,6,675,1,0
4,6,956,1,0
4,5,592,1,0
4,5,1050,1,0
4,4,396,1,0
4,4,567,1,0
4,3,612,0,1
4,2,384,1,0
4,1,716,0,0
4,6,648,1,0
6,5,614,0,0
6,5,617,0,0
6,4,862,1,0
6,4,696,1,0
6,3,894,1,0
6,2,849,1,0
6,1,1124,1,0
6,6,857,1,0
5,5,708,0,0
5,4,498,1,0
5,4,332,1,0
5,3,530,1,0
5,2,485,1,0
5,1,760,1,0
5,6,493,1,0
5,4,956,1,0
5,4,790,1,0
5,3,988,1,0
5,2,943,1,0
5,1,1218,1,0
5,6,951,1,0
4,4,473,1,0
4,3,334,1,0
4,2,290,1,1
4,1,564,1,0
4,6,554,0,1
4,3,505,1,0
4,2,460,0,0
4,1,735,1,0
4,6,468,1,0
3,2,322,1,0
3,1,780,0,0
3,6,586,1,0
2,1,552,1,0
2,6,285,1,0
1,6,816,1,0
5,11,663,1,0
5,4,806,1,0
5,6,808,1,0
5,5,322,0,1
5,5,364,1,0
11,4,692,1,0
11,6,694,1,0
11,5,648,1,0
11,5,577,0,1
4,6,550,0,1
4,5,791,1,0
4,5,720,1,1
6,5,793,1,0
6,5,722,1,0
5,5,349,1,0
3,7,455,1,0
3,4,537,1,0
3,7,525,1,0
3,4,618,0,1
3,5,482,1,0
3,1,331,0,0
3,7,594,1,0
7,4,632,0,0
7,7,620,0,0
7,4,766,1,0
7,5,577,0,1
7,1,278,1,0
7,7,689,0,0
4,7,319,0,1
4,4,848,1,0
4,5,605,0,0
4,1,360,1,0
4,7,605,0,0
7,4,836,1,0
7,5,593,0,0
7,1,348,1,0
7,7,376,0,0
4,5,793,1,0
4,1,642,0,0
4,7,905,1,0
5,1,305,1,0
5,7,662,0,0
1,7,417,1,0
